VJ.combi,count.seq,mouseID,analysis_type,filename,path
IGHV1S70*01-NA_IGHJ4*01_18_1,2,m42,neg_YFP,m42_neg_YFP_IGHV1S70-01-NA_IGHJ4-01_18_1,/home/hieunguyen/CRC1382/outdir/molmed_server/mixcr_pipeline_output/data_analysis/05_output/CDR3_0.15/m42/neg_YFP_MIDs/m42_neg_YFP_IGHV1S70-01-NA_IGHJ4-01_18_1.aln.fasta
IGHV2-2_IGHJ3*01_21_1,2,m42,neg_YFP,m42_neg_YFP_IGHV2-2_IGHJ3-01_21_1,/home/hieunguyen/CRC1382/outdir/molmed_server/mixcr_pipeline_output/data_analysis/05_output/CDR3_0.15/m42/neg_YFP_MIDs/m42_neg_YFP_IGHV2-2_IGHJ3-01_21_1.aln.fasta
IGHV2-9_IGHJ2*01_27_1,2,m42,neg_YFP,m42_neg_YFP_IGHV2-9_IGHJ2-01_27_1,/home/hieunguyen/CRC1382/outdir/molmed_server/mixcr_pipeline_output/data_analysis/05_output/CDR3_0.15/m42/neg_YFP_MIDs/m42_neg_YFP_IGHV2-9_IGHJ2-01_27_1.aln.fasta
IGHV1-4*01_IGHJ4*01_63_1,3,m42,neg_YFP,m42_neg_YFP_IGHV1-4-01_IGHJ4-01_63_1,/home/hieunguyen/CRC1382/outdir/molmed_server/mixcr_pipeline_output/data_analysis/05_output/CDR3_0.15/m42/neg_YFP_MIDs/m42_neg_YFP_IGHV1-4-01_IGHJ4-01_63_1.aln.fasta
IGHV1-26*01_IGHJ2*01_54_1,3,m42,neg_YFP,m42_neg_YFP_IGHV1-26-01_IGHJ2-01_54_1,/home/hieunguyen/CRC1382/outdir/molmed_server/mixcr_pipeline_output/data_analysis/05_output/CDR3_0.15/m42/neg_YFP_MIDs/m42_neg_YFP_IGHV1-26-01_IGHJ2-01_54_1.aln.fasta
IGHV9-3*01_IGHJ2*01_48_1,3,m42,neg_YFP,m42_neg_YFP_IGHV9-3-01_IGHJ2-01_48_1,/home/hieunguyen/CRC1382/outdir/molmed_server/mixcr_pipeline_output/data_analysis/05_output/CDR3_0.15/m42/neg_YFP_MIDs/m42_neg_YFP_IGHV9-3-01_IGHJ2-01_48_1.aln.fasta
IGHV9-4*01_IGHJ2*01_42_1,3,m42,neg_YFP,m42_neg_YFP_IGHV9-4-01_IGHJ2-01_42_1,/home/hieunguyen/CRC1382/outdir/molmed_server/mixcr_pipeline_output/data_analysis/05_output/CDR3_0.15/m42/neg_YFP_MIDs/m42_neg_YFP_IGHV9-4-01_IGHJ2-01_42_1.aln.fasta
IGHV1-52*01_IGHJ1*03_45_1,3,m42,neg_YFP,m42_neg_YFP_IGHV1-52-01_IGHJ1-03_45_1,/home/hieunguyen/CRC1382/outdir/molmed_server/mixcr_pipeline_output/data_analysis/05_output/CDR3_0.15/m42/neg_YFP_MIDs/m42_neg_YFP_IGHV1-52-01_IGHJ1-03_45_1.aln.fasta
IGHV1-69*01_IGHJ1*03_42_1,3,m42,neg_YFP,m42_neg_YFP_IGHV1-69-01_IGHJ1-03_42_1,/home/hieunguyen/CRC1382/outdir/molmed_server/mixcr_pipeline_output/data_analysis/05_output/CDR3_0.15/m42/neg_YFP_MIDs/m42_neg_YFP_IGHV1-69-01_IGHJ1-03_42_1.aln.fasta
IGHV1-66*01_IGHJ1*03_39_1,3,m42,neg_YFP,m42_neg_YFP_IGHV1-66-01_IGHJ1-03_39_1,/home/hieunguyen/CRC1382/outdir/molmed_server/mixcr_pipeline_output/data_analysis/05_output/CDR3_0.15/m42/neg_YFP_MIDs/m42_neg_YFP_IGHV1-66-01_IGHJ1-03_39_1.aln.fasta
IGHV3-6*01_IGHJ2*01_42_1,3,m42,neg_YFP,m42_neg_YFP_IGHV3-6-01_IGHJ2-01_42_1,/home/hieunguyen/CRC1382/outdir/molmed_server/mixcr_pipeline_output/data_analysis/05_output/CDR3_0.15/m42/neg_YFP_MIDs/m42_neg_YFP_IGHV3-6-01_IGHJ2-01_42_1.aln.fasta
IGHV14-3*01_IGHJ1*03_45_1,3,m42,neg_YFP,m42_neg_YFP_IGHV14-3-01_IGHJ1-03_45_1,/home/hieunguyen/CRC1382/outdir/molmed_server/mixcr_pipeline_output/data_analysis/05_output/CDR3_0.15/m42/neg_YFP_MIDs/m42_neg_YFP_IGHV14-3-01_IGHJ1-03_45_1.aln.fasta
IGHV1-72*01_IGHJ2*01_48_1,3,m42,neg_YFP,m42_neg_YFP_IGHV1-72-01_IGHJ2-01_48_1,/home/hieunguyen/CRC1382/outdir/molmed_server/mixcr_pipeline_output/data_analysis/05_output/CDR3_0.15/m42/neg_YFP_MIDs/m42_neg_YFP_IGHV1-72-01_IGHJ2-01_48_1.aln.fasta
IGHV1-9*01_IGHJ2*01_30_1,3,m42,neg_YFP,m42_neg_YFP_IGHV1-9-01_IGHJ2-01_30_1,/home/hieunguyen/CRC1382/outdir/molmed_server/mixcr_pipeline_output/data_analysis/05_output/CDR3_0.15/m42/neg_YFP_MIDs/m42_neg_YFP_IGHV1-9-01_IGHJ2-01_30_1.aln.fasta
IGHV1-80*01_IGHJ2*01_36_1,3,m42,neg_YFP,m42_neg_YFP_IGHV1-80-01_IGHJ2-01_36_1,/home/hieunguyen/CRC1382/outdir/molmed_server/mixcr_pipeline_output/data_analysis/05_output/CDR3_0.15/m42/neg_YFP_MIDs/m42_neg_YFP_IGHV1-80-01_IGHJ2-01_36_1.aln.fasta
IGHV1-76*01_IGHJ3*01_39_1,3,m42,neg_YFP,m42_neg_YFP_IGHV1-76-01_IGHJ3-01_39_1,/home/hieunguyen/CRC1382/outdir/molmed_server/mixcr_pipeline_output/data_analysis/05_output/CDR3_0.15/m42/neg_YFP_MIDs/m42_neg_YFP_IGHV1-76-01_IGHJ3-01_39_1.aln.fasta
IGHV1-53*01_IGHJ2*01_51_2,3,m42,neg_YFP,m42_neg_YFP_IGHV1-53-01_IGHJ2-01_51_2,/home/hieunguyen/CRC1382/outdir/molmed_server/mixcr_pipeline_output/data_analysis/05_output/CDR3_0.15/m42/neg_YFP_MIDs/m42_neg_YFP_IGHV1-53-01_IGHJ2-01_51_2.aln.fasta
IGHV8-12*01_IGHJ4*01_33_1,3,m42,neg_YFP,m42_neg_YFP_IGHV8-12-01_IGHJ4-01_33_1,/home/hieunguyen/CRC1382/outdir/molmed_server/mixcr_pipeline_output/data_analysis/05_output/CDR3_0.15/m42/neg_YFP_MIDs/m42_neg_YFP_IGHV8-12-01_IGHJ4-01_33_1.aln.fasta
IGHV8-8*01_IGHJ2*01_47_1,3,m42,neg_YFP,m42_neg_YFP_IGHV8-8-01_IGHJ2-01_47_1,/home/hieunguyen/CRC1382/outdir/molmed_server/mixcr_pipeline_output/data_analysis/05_output/CDR3_0.15/m42/neg_YFP_MIDs/m42_neg_YFP_IGHV8-8-01_IGHJ2-01_47_1.aln.fasta
IGHV1-59*01_IGHJ1*01_45_1,3,m42,neg_YFP,m42_neg_YFP_IGHV1-59-01_IGHJ1-01_45_1,/home/hieunguyen/CRC1382/outdir/molmed_server/mixcr_pipeline_output/data_analysis/05_output/CDR3_0.15/m42/neg_YFP_MIDs/m42_neg_YFP_IGHV1-59-01_IGHJ1-01_45_1.aln.fasta
IGHV8-8*01_IGHJ1*03_60_1,3,m42,neg_YFP,m42_neg_YFP_IGHV8-8-01_IGHJ1-03_60_1,/home/hieunguyen/CRC1382/outdir/molmed_server/mixcr_pipeline_output/data_analysis/05_output/CDR3_0.15/m42/neg_YFP_MIDs/m42_neg_YFP_IGHV8-8-01_IGHJ1-03_60_1.aln.fasta
IGHV5-17*01_IGHJ4*01_48_1,3,m42,neg_YFP,m42_neg_YFP_IGHV5-17-01_IGHJ4-01_48_1,/home/hieunguyen/CRC1382/outdir/molmed_server/mixcr_pipeline_output/data_analysis/05_output/CDR3_0.15/m42/neg_YFP_MIDs/m42_neg_YFP_IGHV5-17-01_IGHJ4-01_48_1.aln.fasta
IGHV5-17*01_IGHJ3*01_39_1,3,m42,neg_YFP,m42_neg_YFP_IGHV5-17-01_IGHJ3-01_39_1,/home/hieunguyen/CRC1382/outdir/molmed_server/mixcr_pipeline_output/data_analysis/05_output/CDR3_0.15/m42/neg_YFP_MIDs/m42_neg_YFP_IGHV5-17-01_IGHJ3-01_39_1.aln.fasta
IGHV10-1*01_IGHJ4*01_48_1,3,m42,neg_YFP,m42_neg_YFP_IGHV10-1-01_IGHJ4-01_48_1,/home/hieunguyen/CRC1382/outdir/molmed_server/mixcr_pipeline_output/data_analysis/05_output/CDR3_0.15/m42/neg_YFP_MIDs/m42_neg_YFP_IGHV10-1-01_IGHJ4-01_48_1.aln.fasta
IGHV1-82*01_IGHJ1*03_45_1,3,m42,neg_YFP,m42_neg_YFP_IGHV1-82-01_IGHJ1-03_45_1,/home/hieunguyen/CRC1382/outdir/molmed_server/mixcr_pipeline_output/data_analysis/05_output/CDR3_0.15/m42/neg_YFP_MIDs/m42_neg_YFP_IGHV1-82-01_IGHJ1-03_45_1.aln.fasta
IGHV1-4*01_IGHJ2*01_39_1,3,m42,neg_YFP,m42_neg_YFP_IGHV1-4-01_IGHJ2-01_39_1,/home/hieunguyen/CRC1382/outdir/molmed_server/mixcr_pipeline_output/data_analysis/05_output/CDR3_0.15/m42/neg_YFP_MIDs/m42_neg_YFP_IGHV1-4-01_IGHJ2-01_39_1.aln.fasta
IGHV5-9*01_IGHJ2*01_39_1,3,m42,neg_YFP,m42_neg_YFP_IGHV5-9-01_IGHJ2-01_39_1,/home/hieunguyen/CRC1382/outdir/molmed_server/mixcr_pipeline_output/data_analysis/05_output/CDR3_0.15/m42/neg_YFP_MIDs/m42_neg_YFP_IGHV5-9-01_IGHJ2-01_39_1.aln.fasta
IGHV1-64*01_IGHJ4*01_66_1,3,m42,neg_YFP,m42_neg_YFP_IGHV1-64-01_IGHJ4-01_66_1,/home/hieunguyen/CRC1382/outdir/molmed_server/mixcr_pipeline_output/data_analysis/05_output/CDR3_0.15/m42/neg_YFP_MIDs/m42_neg_YFP_IGHV1-64-01_IGHJ4-01_66_1.aln.fasta
IGHV1-74*01_IGHJ3*01_39_1,3,m42,neg_YFP,m42_neg_YFP_IGHV1-74-01_IGHJ3-01_39_1,/home/hieunguyen/CRC1382/outdir/molmed_server/mixcr_pipeline_output/data_analysis/05_output/CDR3_0.15/m42/neg_YFP_MIDs/m42_neg_YFP_IGHV1-74-01_IGHJ3-01_39_1.aln.fasta
IGHV1-54*01_IGHJ2*01_48_1,3,m42,neg_YFP,m42_neg_YFP_IGHV1-54-01_IGHJ2-01_48_1,/home/hieunguyen/CRC1382/outdir/molmed_server/mixcr_pipeline_output/data_analysis/05_output/CDR3_0.15/m42/neg_YFP_MIDs/m42_neg_YFP_IGHV1-54-01_IGHJ2-01_48_1.aln.fasta
IGHV14-4*01_IGHJ1*03_48_1,3,m42,neg_YFP,m42_neg_YFP_IGHV14-4-01_IGHJ1-03_48_1,/home/hieunguyen/CRC1382/outdir/molmed_server/mixcr_pipeline_output/data_analysis/05_output/CDR3_0.15/m42/neg_YFP_MIDs/m42_neg_YFP_IGHV14-4-01_IGHJ1-03_48_1.aln.fasta
IGHV10-3*01_IGHJ3*01_30_1,3,m42,neg_YFP,m42_neg_YFP_IGHV10-3-01_IGHJ3-01_30_1,/home/hieunguyen/CRC1382/outdir/molmed_server/mixcr_pipeline_output/data_analysis/05_output/CDR3_0.15/m42/neg_YFP_MIDs/m42_neg_YFP_IGHV10-3-01_IGHJ3-01_30_1.aln.fasta
IGHV1-72*01_IGHJ2*01_39_1,3,m42,neg_YFP,m42_neg_YFP_IGHV1-72-01_IGHJ2-01_39_1,/home/hieunguyen/CRC1382/outdir/molmed_server/mixcr_pipeline_output/data_analysis/05_output/CDR3_0.15/m42/neg_YFP_MIDs/m42_neg_YFP_IGHV1-72-01_IGHJ2-01_39_1.aln.fasta
IGHV3-6*01_IGHJ3*01_33_1,3,m42,neg_YFP,m42_neg_YFP_IGHV3-6-01_IGHJ3-01_33_1,/home/hieunguyen/CRC1382/outdir/molmed_server/mixcr_pipeline_output/data_analysis/05_output/CDR3_0.15/m42/neg_YFP_MIDs/m42_neg_YFP_IGHV3-6-01_IGHJ3-01_33_1.aln.fasta
IGHV14-3*01_IGHJ2*01_36_1,3,m42,neg_YFP,m42_neg_YFP_IGHV14-3-01_IGHJ2-01_36_1,/home/hieunguyen/CRC1382/outdir/molmed_server/mixcr_pipeline_output/data_analysis/05_output/CDR3_0.15/m42/neg_YFP_MIDs/m42_neg_YFP_IGHV14-3-01_IGHJ2-01_36_1.aln.fasta
IGHV5-4*01_IGHJ1*03_33_1,3,m42,neg_YFP,m42_neg_YFP_IGHV5-4-01_IGHJ1-03_33_1,/home/hieunguyen/CRC1382/outdir/molmed_server/mixcr_pipeline_output/data_analysis/05_output/CDR3_0.15/m42/neg_YFP_MIDs/m42_neg_YFP_IGHV5-4-01_IGHJ1-03_33_1.aln.fasta
IGHV1-64*01_IGHJ2*01_54_1,3,m42,neg_YFP,m42_neg_YFP_IGHV1-64-01_IGHJ2-01_54_1,/home/hieunguyen/CRC1382/outdir/molmed_server/mixcr_pipeline_output/data_analysis/05_output/CDR3_0.15/m42/neg_YFP_MIDs/m42_neg_YFP_IGHV1-64-01_IGHJ2-01_54_1.aln.fasta
IGHV1-26*01_IGHJ4*01_27_1,3,m42,neg_YFP,m42_neg_YFP_IGHV1-26-01_IGHJ4-01_27_1,/home/hieunguyen/CRC1382/outdir/molmed_server/mixcr_pipeline_output/data_analysis/05_output/CDR3_0.15/m42/neg_YFP_MIDs/m42_neg_YFP_IGHV1-26-01_IGHJ4-01_27_1.aln.fasta
IGHV1-19*01_IGHJ4*01_54_1,3,m42,neg_YFP,m42_neg_YFP_IGHV1-19-01_IGHJ4-01_54_1,/home/hieunguyen/CRC1382/outdir/molmed_server/mixcr_pipeline_output/data_analysis/05_output/CDR3_0.15/m42/neg_YFP_MIDs/m42_neg_YFP_IGHV1-19-01_IGHJ4-01_54_1.aln.fasta
IGHV2-2*01_IGHJ4*01_42_1,3,m42,neg_YFP,m42_neg_YFP_IGHV2-2-01_IGHJ4-01_42_1,/home/hieunguyen/CRC1382/outdir/molmed_server/mixcr_pipeline_output/data_analysis/05_output/CDR3_0.15/m42/neg_YFP_MIDs/m42_neg_YFP_IGHV2-2-01_IGHJ4-01_42_1.aln.fasta
IGHV1-12*01_IGHJ2*01_27_1,3,m42,neg_YFP,m42_neg_YFP_IGHV1-12-01_IGHJ2-01_27_1,/home/hieunguyen/CRC1382/outdir/molmed_server/mixcr_pipeline_output/data_analysis/05_output/CDR3_0.15/m42/neg_YFP_MIDs/m42_neg_YFP_IGHV1-12-01_IGHJ2-01_27_1.aln.fasta
IGHV1-77*01_IGHJ2*01_36_1,3,m42,neg_YFP,m42_neg_YFP_IGHV1-77-01_IGHJ2-01_36_1,/home/hieunguyen/CRC1382/outdir/molmed_server/mixcr_pipeline_output/data_analysis/05_output/CDR3_0.15/m42/neg_YFP_MIDs/m42_neg_YFP_IGHV1-77-01_IGHJ2-01_36_1.aln.fasta
IGHV1-82*01_IGHJ2*01_45_1,3,m42,neg_YFP,m42_neg_YFP_IGHV1-82-01_IGHJ2-01_45_1,/home/hieunguyen/CRC1382/outdir/molmed_server/mixcr_pipeline_output/data_analysis/05_output/CDR3_0.15/m42/neg_YFP_MIDs/m42_neg_YFP_IGHV1-82-01_IGHJ2-01_45_1.aln.fasta
IGHV1-66*01_IGHJ2*01_45_1,3,m42,neg_YFP,m42_neg_YFP_IGHV1-66-01_IGHJ2-01_45_1,/home/hieunguyen/CRC1382/outdir/molmed_server/mixcr_pipeline_output/data_analysis/05_output/CDR3_0.15/m42/neg_YFP_MIDs/m42_neg_YFP_IGHV1-66-01_IGHJ2-01_45_1.aln.fasta
IGHV1-4*01_IGHJ4*01_39_1,3,m42,neg_YFP,m42_neg_YFP_IGHV1-4-01_IGHJ4-01_39_1,/home/hieunguyen/CRC1382/outdir/molmed_server/mixcr_pipeline_output/data_analysis/05_output/CDR3_0.15/m42/neg_YFP_MIDs/m42_neg_YFP_IGHV1-4-01_IGHJ4-01_39_1.aln.fasta
IGHV6-3*01_IGHJ4*01_45_1,3,m42,neg_YFP,m42_neg_YFP_IGHV6-3-01_IGHJ4-01_45_1,/home/hieunguyen/CRC1382/outdir/molmed_server/mixcr_pipeline_output/data_analysis/05_output/CDR3_0.15/m42/neg_YFP_MIDs/m42_neg_YFP_IGHV6-3-01_IGHJ4-01_45_1.aln.fasta
IGHV5-17*01_IGHJ4*01_42_3,3,m42,neg_YFP,m42_neg_YFP_IGHV5-17-01_IGHJ4-01_42_3,/home/hieunguyen/CRC1382/outdir/molmed_server/mixcr_pipeline_output/data_analysis/05_output/CDR3_0.15/m42/neg_YFP_MIDs/m42_neg_YFP_IGHV5-17-01_IGHJ4-01_42_3.aln.fasta
IGHV1-18*01_IGHJ4*01_57_1,3,m42,neg_YFP,m42_neg_YFP_IGHV1-18-01_IGHJ4-01_57_1,/home/hieunguyen/CRC1382/outdir/molmed_server/mixcr_pipeline_output/data_analysis/05_output/CDR3_0.15/m42/neg_YFP_MIDs/m42_neg_YFP_IGHV1-18-01_IGHJ4-01_57_1.aln.fasta
IGHV1-9*01_IGHJ1*03_30_1,3,m42,neg_YFP,m42_neg_YFP_IGHV1-9-01_IGHJ1-03_30_1,/home/hieunguyen/CRC1382/outdir/molmed_server/mixcr_pipeline_output/data_analysis/05_output/CDR3_0.15/m42/neg_YFP_MIDs/m42_neg_YFP_IGHV1-9-01_IGHJ1-03_30_1.aln.fasta
IGHV1-85*01_IGHJ2*01_39_2,3,m42,neg_YFP,m42_neg_YFP_IGHV1-85-01_IGHJ2-01_39_2,/home/hieunguyen/CRC1382/outdir/molmed_server/mixcr_pipeline_output/data_analysis/05_output/CDR3_0.15/m42/neg_YFP_MIDs/m42_neg_YFP_IGHV1-85-01_IGHJ2-01_39_2.aln.fasta
IGHV1-37*01_IGHJ2*01_33_1,3,m42,neg_YFP,m42_neg_YFP_IGHV1-37-01_IGHJ2-01_33_1,/home/hieunguyen/CRC1382/outdir/molmed_server/mixcr_pipeline_output/data_analysis/05_output/CDR3_0.15/m42/neg_YFP_MIDs/m42_neg_YFP_IGHV1-37-01_IGHJ2-01_33_1.aln.fasta
IGHV1-58*01_IGHJ2*01_42_1,3,m42,neg_YFP,m42_neg_YFP_IGHV1-58-01_IGHJ2-01_42_1,/home/hieunguyen/CRC1382/outdir/molmed_server/mixcr_pipeline_output/data_analysis/05_output/CDR3_0.15/m42/neg_YFP_MIDs/m42_neg_YFP_IGHV1-58-01_IGHJ2-01_42_1.aln.fasta
IGHV1-15*01_IGHJ1*01_27_1,3,m42,neg_YFP,m42_neg_YFP_IGHV1-15-01_IGHJ1-01_27_1,/home/hieunguyen/CRC1382/outdir/molmed_server/mixcr_pipeline_output/data_analysis/05_output/CDR3_0.15/m42/neg_YFP_MIDs/m42_neg_YFP_IGHV1-15-01_IGHJ1-01_27_1.aln.fasta
IGHV1-59*01_IGHJ2*01_42_1,3,m42,neg_YFP,m42_neg_YFP_IGHV1-59-01_IGHJ2-01_42_1,/home/hieunguyen/CRC1382/outdir/molmed_server/mixcr_pipeline_output/data_analysis/05_output/CDR3_0.15/m42/neg_YFP_MIDs/m42_neg_YFP_IGHV1-59-01_IGHJ2-01_42_1.aln.fasta
IGHV9-3*01_IGHJ1*03_45_1,3,m42,neg_YFP,m42_neg_YFP_IGHV9-3-01_IGHJ1-03_45_1,/home/hieunguyen/CRC1382/outdir/molmed_server/mixcr_pipeline_output/data_analysis/05_output/CDR3_0.15/m42/neg_YFP_MIDs/m42_neg_YFP_IGHV9-3-01_IGHJ1-03_45_1.aln.fasta
IGHV1-84*01_IGHJ3*01_36_1,3,m42,neg_YFP,m42_neg_YFP_IGHV1-84-01_IGHJ3-01_36_1,/home/hieunguyen/CRC1382/outdir/molmed_server/mixcr_pipeline_output/data_analysis/05_output/CDR3_0.15/m42/neg_YFP_MIDs/m42_neg_YFP_IGHV1-84-01_IGHJ3-01_36_1.aln.fasta
IGHV1-64*01_IGHJ1*03_39_1,3,m42,neg_YFP,m42_neg_YFP_IGHV1-64-01_IGHJ1-03_39_1,/home/hieunguyen/CRC1382/outdir/molmed_server/mixcr_pipeline_output/data_analysis/05_output/CDR3_0.15/m42/neg_YFP_MIDs/m42_neg_YFP_IGHV1-64-01_IGHJ1-03_39_1.aln.fasta
IGHV3-6*01_IGHJ1*03_48_2,3,m42,neg_YFP,m42_neg_YFP_IGHV3-6-01_IGHJ1-03_48_2,/home/hieunguyen/CRC1382/outdir/molmed_server/mixcr_pipeline_output/data_analysis/05_output/CDR3_0.15/m42/neg_YFP_MIDs/m42_neg_YFP_IGHV3-6-01_IGHJ1-03_48_2.aln.fasta
IGHV1-18*01_IGHJ4*01_51_2,3,m42,neg_YFP,m42_neg_YFP_IGHV1-18-01_IGHJ4-01_51_2,/home/hieunguyen/CRC1382/outdir/molmed_server/mixcr_pipeline_output/data_analysis/05_output/CDR3_0.15/m42/neg_YFP_MIDs/m42_neg_YFP_IGHV1-18-01_IGHJ4-01_51_2.aln.fasta
IGHV8-12*01_IGHJ1*03_45_2,3,m42,neg_YFP,m42_neg_YFP_IGHV8-12-01_IGHJ1-03_45_2,/home/hieunguyen/CRC1382/outdir/molmed_server/mixcr_pipeline_output/data_analysis/05_output/CDR3_0.15/m42/neg_YFP_MIDs/m42_neg_YFP_IGHV8-12-01_IGHJ1-03_45_2.aln.fasta
IGHV6-3*01_IGHJ3*01_30_1,3,m42,neg_YFP,m42_neg_YFP_IGHV6-3-01_IGHJ3-01_30_1,/home/hieunguyen/CRC1382/outdir/molmed_server/mixcr_pipeline_output/data_analysis/05_output/CDR3_0.15/m42/neg_YFP_MIDs/m42_neg_YFP_IGHV6-3-01_IGHJ3-01_30_1.aln.fasta
IGHV8-12*01_IGHJ4*01_30_1,3,m42,neg_YFP,m42_neg_YFP_IGHV8-12-01_IGHJ4-01_30_1,/home/hieunguyen/CRC1382/outdir/molmed_server/mixcr_pipeline_output/data_analysis/05_output/CDR3_0.15/m42/neg_YFP_MIDs/m42_neg_YFP_IGHV8-12-01_IGHJ4-01_30_1.aln.fasta
IGHV1-59*01_IGHJ2*01_24_1,3,m42,neg_YFP,m42_neg_YFP_IGHV1-59-01_IGHJ2-01_24_1,/home/hieunguyen/CRC1382/outdir/molmed_server/mixcr_pipeline_output/data_analysis/05_output/CDR3_0.15/m42/neg_YFP_MIDs/m42_neg_YFP_IGHV1-59-01_IGHJ2-01_24_1.aln.fasta
IGHV1-64*01_IGHJ2*01_39_2,3,m42,neg_YFP,m42_neg_YFP_IGHV1-64-01_IGHJ2-01_39_2,/home/hieunguyen/CRC1382/outdir/molmed_server/mixcr_pipeline_output/data_analysis/05_output/CDR3_0.15/m42/neg_YFP_MIDs/m42_neg_YFP_IGHV1-64-01_IGHJ2-01_39_2.aln.fasta
IGHV1-75*01_IGHJ2*01_30_1,3,m42,neg_YFP,m42_neg_YFP_IGHV1-75-01_IGHJ2-01_30_1,/home/hieunguyen/CRC1382/outdir/molmed_server/mixcr_pipeline_output/data_analysis/05_output/CDR3_0.15/m42/neg_YFP_MIDs/m42_neg_YFP_IGHV1-75-01_IGHJ2-01_30_1.aln.fasta
IGHV1-82*01_IGHJ1*03_39_4,3,m42,neg_YFP,m42_neg_YFP_IGHV1-82-01_IGHJ1-03_39_4,/home/hieunguyen/CRC1382/outdir/molmed_server/mixcr_pipeline_output/data_analysis/05_output/CDR3_0.15/m42/neg_YFP_MIDs/m42_neg_YFP_IGHV1-82-01_IGHJ1-03_39_4.aln.fasta
IGHV1-82*01_IGHJ1*03_39_2,3,m42,neg_YFP,m42_neg_YFP_IGHV1-82-01_IGHJ1-03_39_2,/home/hieunguyen/CRC1382/outdir/molmed_server/mixcr_pipeline_output/data_analysis/05_output/CDR3_0.15/m42/neg_YFP_MIDs/m42_neg_YFP_IGHV1-82-01_IGHJ1-03_39_2.aln.fasta
IGHV1-26*01_IGHJ2*01_24_1,3,m42,neg_YFP,m42_neg_YFP_IGHV1-26-01_IGHJ2-01_24_1,/home/hieunguyen/CRC1382/outdir/molmed_server/mixcr_pipeline_output/data_analysis/05_output/CDR3_0.15/m42/neg_YFP_MIDs/m42_neg_YFP_IGHV1-26-01_IGHJ2-01_24_1.aln.fasta
IGHV14-4*01_IGHJ3*01_45_1,3,m42,neg_YFP,m42_neg_YFP_IGHV14-4-01_IGHJ3-01_45_1,/home/hieunguyen/CRC1382/outdir/molmed_server/mixcr_pipeline_output/data_analysis/05_output/CDR3_0.15/m42/neg_YFP_MIDs/m42_neg_YFP_IGHV14-4-01_IGHJ3-01_45_1.aln.fasta
IGHV1-52*01_IGHJ3*01_42_2,3,m42,neg_YFP,m42_neg_YFP_IGHV1-52-01_IGHJ3-01_42_2,/home/hieunguyen/CRC1382/outdir/molmed_server/mixcr_pipeline_output/data_analysis/05_output/CDR3_0.15/m42/neg_YFP_MIDs/m42_neg_YFP_IGHV1-52-01_IGHJ3-01_42_2.aln.fasta
IGHV1-59*01_IGHJ3*01_36_2,3,m42,neg_YFP,m42_neg_YFP_IGHV1-59-01_IGHJ3-01_36_2,/home/hieunguyen/CRC1382/outdir/molmed_server/mixcr_pipeline_output/data_analysis/05_output/CDR3_0.15/m42/neg_YFP_MIDs/m42_neg_YFP_IGHV1-59-01_IGHJ3-01_36_2.aln.fasta
IGHV1-59*01_IGHJ3*01_36_1,3,m42,neg_YFP,m42_neg_YFP_IGHV1-59-01_IGHJ3-01_36_1,/home/hieunguyen/CRC1382/outdir/molmed_server/mixcr_pipeline_output/data_analysis/05_output/CDR3_0.15/m42/neg_YFP_MIDs/m42_neg_YFP_IGHV1-59-01_IGHJ3-01_36_1.aln.fasta
IGHV8-12*01_IGHJ1*03_60_2,3,m42,neg_YFP,m42_neg_YFP_IGHV8-12-01_IGHJ1-03_60_2,/home/hieunguyen/CRC1382/outdir/molmed_server/mixcr_pipeline_output/data_analysis/05_output/CDR3_0.15/m42/neg_YFP_MIDs/m42_neg_YFP_IGHV8-12-01_IGHJ1-03_60_2.aln.fasta
IGHV8-12*01_IGHJ1*03_60_1,3,m42,neg_YFP,m42_neg_YFP_IGHV8-12-01_IGHJ1-03_60_1,/home/hieunguyen/CRC1382/outdir/molmed_server/mixcr_pipeline_output/data_analysis/05_output/CDR3_0.15/m42/neg_YFP_MIDs/m42_neg_YFP_IGHV8-12-01_IGHJ1-03_60_1.aln.fasta
IGHV1-26*01_IGHJ3*01_45_3,3,m42,neg_YFP,m42_neg_YFP_IGHV1-26-01_IGHJ3-01_45_3,/home/hieunguyen/CRC1382/outdir/molmed_server/mixcr_pipeline_output/data_analysis/05_output/CDR3_0.15/m42/neg_YFP_MIDs/m42_neg_YFP_IGHV1-26-01_IGHJ3-01_45_3.aln.fasta
IGHV1-20*01_IGHJ3*01_45_1,3,m42,neg_YFP,m42_neg_YFP_IGHV1-20-01_IGHJ3-01_45_1,/home/hieunguyen/CRC1382/outdir/molmed_server/mixcr_pipeline_output/data_analysis/05_output/CDR3_0.15/m42/neg_YFP_MIDs/m42_neg_YFP_IGHV1-20-01_IGHJ3-01_45_1.aln.fasta
IGHV1-72*01_IGHJ4*01_54_1,3,m42,neg_YFP,m42_neg_YFP_IGHV1-72-01_IGHJ4-01_54_1,/home/hieunguyen/CRC1382/outdir/molmed_server/mixcr_pipeline_output/data_analysis/05_output/CDR3_0.15/m42/neg_YFP_MIDs/m42_neg_YFP_IGHV1-72-01_IGHJ4-01_54_1.aln.fasta
IGHV14-1*01_IGHJ1*03_39_1,3,m42,neg_YFP,m42_neg_YFP_IGHV14-1-01_IGHJ1-03_39_1,/home/hieunguyen/CRC1382/outdir/molmed_server/mixcr_pipeline_output/data_analysis/05_output/CDR3_0.15/m42/neg_YFP_MIDs/m42_neg_YFP_IGHV14-1-01_IGHJ1-03_39_1.aln.fasta
IGHV1-62_IGHJ4*01_51_1,3,m42,neg_YFP,m42_neg_YFP_IGHV1-62_IGHJ4-01_51_1,/home/hieunguyen/CRC1382/outdir/molmed_server/mixcr_pipeline_output/data_analysis/05_output/CDR3_0.15/m42/neg_YFP_MIDs/m42_neg_YFP_IGHV1-62_IGHJ4-01_51_1.aln.fasta
IGHV1-52*01_IGHJ4*01_39_2,3,m42,neg_YFP,m42_neg_YFP_IGHV1-52-01_IGHJ4-01_39_2,/home/hieunguyen/CRC1382/outdir/molmed_server/mixcr_pipeline_output/data_analysis/05_output/CDR3_0.15/m42/neg_YFP_MIDs/m42_neg_YFP_IGHV1-52-01_IGHJ4-01_39_2.aln.fasta
IGHV1-58*01_IGHJ4*01_54_1,3,m42,neg_YFP,m42_neg_YFP_IGHV1-58-01_IGHJ4-01_54_1,/home/hieunguyen/CRC1382/outdir/molmed_server/mixcr_pipeline_output/data_analysis/05_output/CDR3_0.15/m42/neg_YFP_MIDs/m42_neg_YFP_IGHV1-58-01_IGHJ4-01_54_1.aln.fasta
IGHV1-22*01_IGHJ4*01_48_1,3,m42,neg_YFP,m42_neg_YFP_IGHV1-22-01_IGHJ4-01_48_1,/home/hieunguyen/CRC1382/outdir/molmed_server/mixcr_pipeline_output/data_analysis/05_output/CDR3_0.15/m42/neg_YFP_MIDs/m42_neg_YFP_IGHV1-22-01_IGHJ4-01_48_1.aln.fasta
IGHV9-1*01_IGHJ1*03_48_1,3,m42,neg_YFP,m42_neg_YFP_IGHV9-1-01_IGHJ1-03_48_1,/home/hieunguyen/CRC1382/outdir/molmed_server/mixcr_pipeline_output/data_analysis/05_output/CDR3_0.15/m42/neg_YFP_MIDs/m42_neg_YFP_IGHV9-1-01_IGHJ1-03_48_1.aln.fasta
IGHV1-15*01_IGHJ3*01_33_1,3,m42,neg_YFP,m42_neg_YFP_IGHV1-15-01_IGHJ3-01_33_1,/home/hieunguyen/CRC1382/outdir/molmed_server/mixcr_pipeline_output/data_analysis/05_output/CDR3_0.15/m42/neg_YFP_MIDs/m42_neg_YFP_IGHV1-15-01_IGHJ3-01_33_1.aln.fasta
IGHV1-26*01_IGHJ1*03_30_1,3,m42,neg_YFP,m42_neg_YFP_IGHV1-26-01_IGHJ1-03_30_1,/home/hieunguyen/CRC1382/outdir/molmed_server/mixcr_pipeline_output/data_analysis/05_output/CDR3_0.15/m42/neg_YFP_MIDs/m42_neg_YFP_IGHV1-26-01_IGHJ1-03_30_1.aln.fasta
IGHV9-4*01_IGHJ2*01_48_1,3,m42,neg_YFP,m42_neg_YFP_IGHV9-4-01_IGHJ2-01_48_1,/home/hieunguyen/CRC1382/outdir/molmed_server/mixcr_pipeline_output/data_analysis/05_output/CDR3_0.15/m42/neg_YFP_MIDs/m42_neg_YFP_IGHV9-4-01_IGHJ2-01_48_1.aln.fasta
IGHV1-18*01_IGHJ4*01_48_1,3,m42,neg_YFP,m42_neg_YFP_IGHV1-18-01_IGHJ4-01_48_1,/home/hieunguyen/CRC1382/outdir/molmed_server/mixcr_pipeline_output/data_analysis/05_output/CDR3_0.15/m42/neg_YFP_MIDs/m42_neg_YFP_IGHV1-18-01_IGHJ4-01_48_1.aln.fasta
IGHV1-81*01_IGHJ4*01_39_1,3,m42,neg_YFP,m42_neg_YFP_IGHV1-81-01_IGHJ4-01_39_1,/home/hieunguyen/CRC1382/outdir/molmed_server/mixcr_pipeline_output/data_analysis/05_output/CDR3_0.15/m42/neg_YFP_MIDs/m42_neg_YFP_IGHV1-81-01_IGHJ4-01_39_1.aln.fasta
IGHV1-34*01_IGHJ4*01_36_1,3,m42,neg_YFP,m42_neg_YFP_IGHV1-34-01_IGHJ4-01_36_1,/home/hieunguyen/CRC1382/outdir/molmed_server/mixcr_pipeline_output/data_analysis/05_output/CDR3_0.15/m42/neg_YFP_MIDs/m42_neg_YFP_IGHV1-34-01_IGHJ4-01_36_1.aln.fasta
IGHV1-26*01_IGHJ3*01_48_1,3,m42,neg_YFP,m42_neg_YFP_IGHV1-26-01_IGHJ3-01_48_1,/home/hieunguyen/CRC1382/outdir/molmed_server/mixcr_pipeline_output/data_analysis/05_output/CDR3_0.15/m42/neg_YFP_MIDs/m42_neg_YFP_IGHV1-26-01_IGHJ3-01_48_1.aln.fasta
IGHV9-3*01_IGHJ2*01_45_2,3,m42,neg_YFP,m42_neg_YFP_IGHV9-3-01_IGHJ2-01_45_2,/home/hieunguyen/CRC1382/outdir/molmed_server/mixcr_pipeline_output/data_analysis/05_output/CDR3_0.15/m42/neg_YFP_MIDs/m42_neg_YFP_IGHV9-3-01_IGHJ2-01_45_2.aln.fasta
IGHV5-16*01_IGHJ2*01_39_1,3,m42,neg_YFP,m42_neg_YFP_IGHV5-16-01_IGHJ2-01_39_1,/home/hieunguyen/CRC1382/outdir/molmed_server/mixcr_pipeline_output/data_analysis/05_output/CDR3_0.15/m42/neg_YFP_MIDs/m42_neg_YFP_IGHV5-16-01_IGHJ2-01_39_1.aln.fasta
IGHV3-6*01_IGHJ4*01_36_1,3,m42,neg_YFP,m42_neg_YFP_IGHV3-6-01_IGHJ4-01_36_1,/home/hieunguyen/CRC1382/outdir/molmed_server/mixcr_pipeline_output/data_analysis/05_output/CDR3_0.15/m42/neg_YFP_MIDs/m42_neg_YFP_IGHV3-6-01_IGHJ4-01_36_1.aln.fasta
IGHV6-6*01_IGHJ1*03_30_1,3,m42,neg_YFP,m42_neg_YFP_IGHV6-6-01_IGHJ1-03_30_1,/home/hieunguyen/CRC1382/outdir/molmed_server/mixcr_pipeline_output/data_analysis/05_output/CDR3_0.15/m42/neg_YFP_MIDs/m42_neg_YFP_IGHV6-6-01_IGHJ1-03_30_1.aln.fasta
IGHV1-62_IGHJ3*01_51_1,3,m42,neg_YFP,m42_neg_YFP_IGHV1-62_IGHJ3-01_51_1,/home/hieunguyen/CRC1382/outdir/molmed_server/mixcr_pipeline_output/data_analysis/05_output/CDR3_0.15/m42/neg_YFP_MIDs/m42_neg_YFP_IGHV1-62_IGHJ3-01_51_1.aln.fasta
IGHV9-3*01_IGHJ3*01_36_1,3,m42,neg_YFP,m42_neg_YFP_IGHV9-3-01_IGHJ3-01_36_1,/home/hieunguyen/CRC1382/outdir/molmed_server/mixcr_pipeline_output/data_analysis/05_output/CDR3_0.15/m42/neg_YFP_MIDs/m42_neg_YFP_IGHV9-3-01_IGHJ3-01_36_1.aln.fasta
IGHV2-6*01_IGHJ4*01_33_1,3,m42,neg_YFP,m42_neg_YFP_IGHV2-6-01_IGHJ4-01_33_1,/home/hieunguyen/CRC1382/outdir/molmed_server/mixcr_pipeline_output/data_analysis/05_output/CDR3_0.15/m42/neg_YFP_MIDs/m42_neg_YFP_IGHV2-6-01_IGHJ4-01_33_1.aln.fasta
IGHV1-85*01_IGHJ3*01_30_1,3,m42,neg_YFP,m42_neg_YFP_IGHV1-85-01_IGHJ3-01_30_1,/home/hieunguyen/CRC1382/outdir/molmed_server/mixcr_pipeline_output/data_analysis/05_output/CDR3_0.15/m42/neg_YFP_MIDs/m42_neg_YFP_IGHV1-85-01_IGHJ3-01_30_1.aln.fasta
IGHV1-42*01_IGHJ2*01_39_1,3,m42,neg_YFP,m42_neg_YFP_IGHV1-42-01_IGHJ2-01_39_1,/home/hieunguyen/CRC1382/outdir/molmed_server/mixcr_pipeline_output/data_analysis/05_output/CDR3_0.15/m42/neg_YFP_MIDs/m42_neg_YFP_IGHV1-42-01_IGHJ2-01_39_1.aln.fasta
IGHV1-47*01_IGHJ4*01_42_2,3,m42,neg_YFP,m42_neg_YFP_IGHV1-47-01_IGHJ4-01_42_2,/home/hieunguyen/CRC1382/outdir/molmed_server/mixcr_pipeline_output/data_analysis/05_output/CDR3_0.15/m42/neg_YFP_MIDs/m42_neg_YFP_IGHV1-47-01_IGHJ4-01_42_2.aln.fasta
IGHV1-12*01_IGHJ4*01_48_1,3,m42,neg_YFP,m42_neg_YFP_IGHV1-12-01_IGHJ4-01_48_1,/home/hieunguyen/CRC1382/outdir/molmed_server/mixcr_pipeline_output/data_analysis/05_output/CDR3_0.15/m42/neg_YFP_MIDs/m42_neg_YFP_IGHV1-12-01_IGHJ4-01_48_1.aln.fasta
IGHV1-54*01_IGHJ3*01_45_1,3,m42,neg_YFP,m42_neg_YFP_IGHV1-54-01_IGHJ3-01_45_1,/home/hieunguyen/CRC1382/outdir/molmed_server/mixcr_pipeline_output/data_analysis/05_output/CDR3_0.15/m42/neg_YFP_MIDs/m42_neg_YFP_IGHV1-54-01_IGHJ3-01_45_1.aln.fasta
IGHV1-12*01_IGHJ2*01_42_1,3,m42,neg_YFP,m42_neg_YFP_IGHV1-12-01_IGHJ2-01_42_1,/home/hieunguyen/CRC1382/outdir/molmed_server/mixcr_pipeline_output/data_analysis/05_output/CDR3_0.15/m42/neg_YFP_MIDs/m42_neg_YFP_IGHV1-12-01_IGHJ2-01_42_1.aln.fasta
IGHV1-74*01_IGHJ1*03_42_1,3,m42,neg_YFP,m42_neg_YFP_IGHV1-74-01_IGHJ1-03_42_1,/home/hieunguyen/CRC1382/outdir/molmed_server/mixcr_pipeline_output/data_analysis/05_output/CDR3_0.15/m42/neg_YFP_MIDs/m42_neg_YFP_IGHV1-74-01_IGHJ1-03_42_1.aln.fasta
IGHV2-2*02_IGHJ3*01_21_1,3,m42,neg_YFP,m42_neg_YFP_IGHV2-2-02_IGHJ3-01_21_1,/home/hieunguyen/CRC1382/outdir/molmed_server/mixcr_pipeline_output/data_analysis/05_output/CDR3_0.15/m42/neg_YFP_MIDs/m42_neg_YFP_IGHV2-2-02_IGHJ3-01_21_1.aln.fasta
IGHV1-19*01_IGHJ3*01_24_1,3,m42,neg_YFP,m42_neg_YFP_IGHV1-19-01_IGHJ3-01_24_1,/home/hieunguyen/CRC1382/outdir/molmed_server/mixcr_pipeline_output/data_analysis/05_output/CDR3_0.15/m42/neg_YFP_MIDs/m42_neg_YFP_IGHV1-19-01_IGHJ3-01_24_1.aln.fasta
IGHV1-76*01_IGHJ1*03_51_2,3,m42,neg_YFP,m42_neg_YFP_IGHV1-76-01_IGHJ1-03_51_2,/home/hieunguyen/CRC1382/outdir/molmed_server/mixcr_pipeline_output/data_analysis/05_output/CDR3_0.15/m42/neg_YFP_MIDs/m42_neg_YFP_IGHV1-76-01_IGHJ1-03_51_2.aln.fasta
IGHV1-58*01_IGHJ4*01_45_1,3,m42,neg_YFP,m42_neg_YFP_IGHV1-58-01_IGHJ4-01_45_1,/home/hieunguyen/CRC1382/outdir/molmed_server/mixcr_pipeline_output/data_analysis/05_output/CDR3_0.15/m42/neg_YFP_MIDs/m42_neg_YFP_IGHV1-58-01_IGHJ4-01_45_1.aln.fasta
IGHV3-6*01_IGHJ3*01_51_2,3,m42,neg_YFP,m42_neg_YFP_IGHV3-6-01_IGHJ3-01_51_2,/home/hieunguyen/CRC1382/outdir/molmed_server/mixcr_pipeline_output/data_analysis/05_output/CDR3_0.15/m42/neg_YFP_MIDs/m42_neg_YFP_IGHV3-6-01_IGHJ3-01_51_2.aln.fasta
IGHV9-3*01_IGHJ3*01_39_2,3,m42,neg_YFP,m42_neg_YFP_IGHV9-3-01_IGHJ3-01_39_2,/home/hieunguyen/CRC1382/outdir/molmed_server/mixcr_pipeline_output/data_analysis/05_output/CDR3_0.15/m42/neg_YFP_MIDs/m42_neg_YFP_IGHV9-3-01_IGHJ3-01_39_2.aln.fasta
IGHV1-52*01_IGHJ4*01_60_7,4,m42,neg_YFP,m42_neg_YFP_IGHV1-52-01_IGHJ4-01_60_7,/home/hieunguyen/CRC1382/outdir/molmed_server/mixcr_pipeline_output/data_analysis/05_output/CDR3_0.15/m42/neg_YFP_MIDs/m42_neg_YFP_IGHV1-52-01_IGHJ4-01_60_7.aln.fasta
IGHV14-3*01_IGHJ2*01_30_3,4,m42,neg_YFP,m42_neg_YFP_IGHV14-3-01_IGHJ2-01_30_3,/home/hieunguyen/CRC1382/outdir/molmed_server/mixcr_pipeline_output/data_analysis/05_output/CDR3_0.15/m42/neg_YFP_MIDs/m42_neg_YFP_IGHV14-3-01_IGHJ2-01_30_3.aln.fasta
IGHV1-39*01_IGHJ4*01_39_7,4,m42,neg_YFP,m42_neg_YFP_IGHV1-39-01_IGHJ4-01_39_7,/home/hieunguyen/CRC1382/outdir/molmed_server/mixcr_pipeline_output/data_analysis/05_output/CDR3_0.15/m42/neg_YFP_MIDs/m42_neg_YFP_IGHV1-39-01_IGHJ4-01_39_7.aln.fasta
IGHV8-8*01_IGHJ1*03_42_1,4,m42,neg_YFP,m42_neg_YFP_IGHV8-8-01_IGHJ1-03_42_1,/home/hieunguyen/CRC1382/outdir/molmed_server/mixcr_pipeline_output/data_analysis/05_output/CDR3_0.15/m42/neg_YFP_MIDs/m42_neg_YFP_IGHV8-8-01_IGHJ1-03_42_1.aln.fasta
IGHV3-6*01_IGHJ3*01_51_3,4,m42,neg_YFP,m42_neg_YFP_IGHV3-6-01_IGHJ3-01_51_3,/home/hieunguyen/CRC1382/outdir/molmed_server/mixcr_pipeline_output/data_analysis/05_output/CDR3_0.15/m42/neg_YFP_MIDs/m42_neg_YFP_IGHV3-6-01_IGHJ3-01_51_3.aln.fasta
IGHV3-6*01_IGHJ2*01_24_2,4,m42,neg_YFP,m42_neg_YFP_IGHV3-6-01_IGHJ2-01_24_2,/home/hieunguyen/CRC1382/outdir/molmed_server/mixcr_pipeline_output/data_analysis/05_output/CDR3_0.15/m42/neg_YFP_MIDs/m42_neg_YFP_IGHV3-6-01_IGHJ2-01_24_2.aln.fasta
IGHV1-61*01_IGHJ4*01_60_3,4,m42,neg_YFP,m42_neg_YFP_IGHV1-61-01_IGHJ4-01_60_3,/home/hieunguyen/CRC1382/outdir/molmed_server/mixcr_pipeline_output/data_analysis/05_output/CDR3_0.15/m42/neg_YFP_MIDs/m42_neg_YFP_IGHV1-61-01_IGHJ4-01_60_3.aln.fasta
IGHV3-6*01_IGHJ1*03_48_1,4,m42,neg_YFP,m42_neg_YFP_IGHV3-6-01_IGHJ1-03_48_1,/home/hieunguyen/CRC1382/outdir/molmed_server/mixcr_pipeline_output/data_analysis/05_output/CDR3_0.15/m42/neg_YFP_MIDs/m42_neg_YFP_IGHV3-6-01_IGHJ1-03_48_1.aln.fasta
IGHV1-34*01_IGHJ2*01_45_1,4,m42,neg_YFP,m42_neg_YFP_IGHV1-34-01_IGHJ2-01_45_1,/home/hieunguyen/CRC1382/outdir/molmed_server/mixcr_pipeline_output/data_analysis/05_output/CDR3_0.15/m42/neg_YFP_MIDs/m42_neg_YFP_IGHV1-34-01_IGHJ2-01_45_1.aln.fasta
IGHV1-53*01_IGHJ3*02_36_1,4,m42,neg_YFP,m42_neg_YFP_IGHV1-53-01_IGHJ3-02_36_1,/home/hieunguyen/CRC1382/outdir/molmed_server/mixcr_pipeline_output/data_analysis/05_output/CDR3_0.15/m42/neg_YFP_MIDs/m42_neg_YFP_IGHV1-53-01_IGHJ3-02_36_1.aln.fasta
IGHV1-82*01_IGHJ4*01_54_2,4,m42,neg_YFP,m42_neg_YFP_IGHV1-82-01_IGHJ4-01_54_2,/home/hieunguyen/CRC1382/outdir/molmed_server/mixcr_pipeline_output/data_analysis/05_output/CDR3_0.15/m42/neg_YFP_MIDs/m42_neg_YFP_IGHV1-82-01_IGHJ4-01_54_2.aln.fasta
IGHV3-8*01_IGHJ1*03_48_1,4,m42,neg_YFP,m42_neg_YFP_IGHV3-8-01_IGHJ1-03_48_1,/home/hieunguyen/CRC1382/outdir/molmed_server/mixcr_pipeline_output/data_analysis/05_output/CDR3_0.15/m42/neg_YFP_MIDs/m42_neg_YFP_IGHV3-8-01_IGHJ1-03_48_1.aln.fasta
IGHV1-53*01_IGHJ3*01_39_1,4,m42,neg_YFP,m42_neg_YFP_IGHV1-53-01_IGHJ3-01_39_1,/home/hieunguyen/CRC1382/outdir/molmed_server/mixcr_pipeline_output/data_analysis/05_output/CDR3_0.15/m42/neg_YFP_MIDs/m42_neg_YFP_IGHV1-53-01_IGHJ3-01_39_1.aln.fasta
IGHV1-15*01_IGHJ1*03_48_1,4,m42,neg_YFP,m42_neg_YFP_IGHV1-15-01_IGHJ1-03_48_1,/home/hieunguyen/CRC1382/outdir/molmed_server/mixcr_pipeline_output/data_analysis/05_output/CDR3_0.15/m42/neg_YFP_MIDs/m42_neg_YFP_IGHV1-15-01_IGHJ1-03_48_1.aln.fasta
IGHV1-19*01_IGHJ2*01_48_1,4,m42,neg_YFP,m42_neg_YFP_IGHV1-19-01_IGHJ2-01_48_1,/home/hieunguyen/CRC1382/outdir/molmed_server/mixcr_pipeline_output/data_analysis/05_output/CDR3_0.15/m42/neg_YFP_MIDs/m42_neg_YFP_IGHV1-19-01_IGHJ2-01_48_1.aln.fasta
IGHV5-17*01_IGHJ1*03_27_1,4,m42,neg_YFP,m42_neg_YFP_IGHV5-17-01_IGHJ1-03_27_1,/home/hieunguyen/CRC1382/outdir/molmed_server/mixcr_pipeline_output/data_analysis/05_output/CDR3_0.15/m42/neg_YFP_MIDs/m42_neg_YFP_IGHV5-17-01_IGHJ1-03_27_1.aln.fasta
IGHV1-76*01_IGHJ2*01_39_1,4,m42,neg_YFP,m42_neg_YFP_IGHV1-76-01_IGHJ2-01_39_1,/home/hieunguyen/CRC1382/outdir/molmed_server/mixcr_pipeline_output/data_analysis/05_output/CDR3_0.15/m42/neg_YFP_MIDs/m42_neg_YFP_IGHV1-76-01_IGHJ2-01_39_1.aln.fasta
IGHV8-12*01_IGHJ1*03_48_2,4,m42,neg_YFP,m42_neg_YFP_IGHV8-12-01_IGHJ1-03_48_2,/home/hieunguyen/CRC1382/outdir/molmed_server/mixcr_pipeline_output/data_analysis/05_output/CDR3_0.15/m42/neg_YFP_MIDs/m42_neg_YFP_IGHV8-12-01_IGHJ1-03_48_2.aln.fasta
IGHV8-12*01_IGHJ1*03_48_1,4,m42,neg_YFP,m42_neg_YFP_IGHV8-12-01_IGHJ1-03_48_1,/home/hieunguyen/CRC1382/outdir/molmed_server/mixcr_pipeline_output/data_analysis/05_output/CDR3_0.15/m42/neg_YFP_MIDs/m42_neg_YFP_IGHV8-12-01_IGHJ1-03_48_1.aln.fasta
IGHV1-81*01_IGHJ1*03_48_2,4,m42,neg_YFP,m42_neg_YFP_IGHV1-81-01_IGHJ1-03_48_2,/home/hieunguyen/CRC1382/outdir/molmed_server/mixcr_pipeline_output/data_analysis/05_output/CDR3_0.15/m42/neg_YFP_MIDs/m42_neg_YFP_IGHV1-81-01_IGHJ1-03_48_2.aln.fasta
IGHV3-6*01_IGHJ2*01_51_1,4,m42,neg_YFP,m42_neg_YFP_IGHV3-6-01_IGHJ2-01_51_1,/home/hieunguyen/CRC1382/outdir/molmed_server/mixcr_pipeline_output/data_analysis/05_output/CDR3_0.15/m42/neg_YFP_MIDs/m42_neg_YFP_IGHV3-6-01_IGHJ2-01_51_1.aln.fasta
IGHV1-54*01_IGHJ2*01_27_1,4,m42,neg_YFP,m42_neg_YFP_IGHV1-54-01_IGHJ2-01_27_1,/home/hieunguyen/CRC1382/outdir/molmed_server/mixcr_pipeline_output/data_analysis/05_output/CDR3_0.15/m42/neg_YFP_MIDs/m42_neg_YFP_IGHV1-54-01_IGHJ2-01_27_1.aln.fasta
IGHV1-64*01_IGHJ2*01_42_1,4,m42,neg_YFP,m42_neg_YFP_IGHV1-64-01_IGHJ2-01_42_1,/home/hieunguyen/CRC1382/outdir/molmed_server/mixcr_pipeline_output/data_analysis/05_output/CDR3_0.15/m42/neg_YFP_MIDs/m42_neg_YFP_IGHV1-64-01_IGHJ2-01_42_1.aln.fasta
IGHV1-85*01_IGHJ1*03_45_1,4,m42,neg_YFP,m42_neg_YFP_IGHV1-85-01_IGHJ1-03_45_1,/home/hieunguyen/CRC1382/outdir/molmed_server/mixcr_pipeline_output/data_analysis/05_output/CDR3_0.15/m42/neg_YFP_MIDs/m42_neg_YFP_IGHV1-85-01_IGHJ1-03_45_1.aln.fasta
IGHV1-55*01_IGHJ1*03_27_1,4,m42,neg_YFP,m42_neg_YFP_IGHV1-55-01_IGHJ1-03_27_1,/home/hieunguyen/CRC1382/outdir/molmed_server/mixcr_pipeline_output/data_analysis/05_output/CDR3_0.15/m42/neg_YFP_MIDs/m42_neg_YFP_IGHV1-55-01_IGHJ1-03_27_1.aln.fasta
IGHV1-19*01_IGHJ3*01_36_2,4,m42,neg_YFP,m42_neg_YFP_IGHV1-19-01_IGHJ3-01_36_2,/home/hieunguyen/CRC1382/outdir/molmed_server/mixcr_pipeline_output/data_analysis/05_output/CDR3_0.15/m42/neg_YFP_MIDs/m42_neg_YFP_IGHV1-19-01_IGHJ3-01_36_2.aln.fasta
IGHV1-5*01_IGHJ2*01_39_3,4,m42,neg_YFP,m42_neg_YFP_IGHV1-5-01_IGHJ2-01_39_3,/home/hieunguyen/CRC1382/outdir/molmed_server/mixcr_pipeline_output/data_analysis/05_output/CDR3_0.15/m42/neg_YFP_MIDs/m42_neg_YFP_IGHV1-5-01_IGHJ2-01_39_3.aln.fasta
IGHV1-59*01_IGHJ2*01_30_1,4,m42,neg_YFP,m42_neg_YFP_IGHV1-59-01_IGHJ2-01_30_1,/home/hieunguyen/CRC1382/outdir/molmed_server/mixcr_pipeline_output/data_analysis/05_output/CDR3_0.15/m42/neg_YFP_MIDs/m42_neg_YFP_IGHV1-59-01_IGHJ2-01_30_1.aln.fasta
IGHV1-26*01_IGHJ3*01_24_1,4,m42,neg_YFP,m42_neg_YFP_IGHV1-26-01_IGHJ3-01_24_1,/home/hieunguyen/CRC1382/outdir/molmed_server/mixcr_pipeline_output/data_analysis/05_output/CDR3_0.15/m42/neg_YFP_MIDs/m42_neg_YFP_IGHV1-26-01_IGHJ3-01_24_1.aln.fasta
IGHV1-55*01_IGHJ2*01_36_1,4,m42,neg_YFP,m42_neg_YFP_IGHV1-55-01_IGHJ2-01_36_1,/home/hieunguyen/CRC1382/outdir/molmed_server/mixcr_pipeline_output/data_analysis/05_output/CDR3_0.15/m42/neg_YFP_MIDs/m42_neg_YFP_IGHV1-55-01_IGHJ2-01_36_1.aln.fasta
IGHV1-82*01_IGHJ1*03_39_5,4,m42,neg_YFP,m42_neg_YFP_IGHV1-82-01_IGHJ1-03_39_5,/home/hieunguyen/CRC1382/outdir/molmed_server/mixcr_pipeline_output/data_analysis/05_output/CDR3_0.15/m42/neg_YFP_MIDs/m42_neg_YFP_IGHV1-82-01_IGHJ1-03_39_5.aln.fasta
IGHV1-53*01_IGHJ2*01_45_1,4,m42,neg_YFP,m42_neg_YFP_IGHV1-53-01_IGHJ2-01_45_1,/home/hieunguyen/CRC1382/outdir/molmed_server/mixcr_pipeline_output/data_analysis/05_output/CDR3_0.15/m42/neg_YFP_MIDs/m42_neg_YFP_IGHV1-53-01_IGHJ2-01_45_1.aln.fasta
IGHV8-8*01_IGHJ1*03_48_1,4,m42,neg_YFP,m42_neg_YFP_IGHV8-8-01_IGHJ1-03_48_1,/home/hieunguyen/CRC1382/outdir/molmed_server/mixcr_pipeline_output/data_analysis/05_output/CDR3_0.15/m42/neg_YFP_MIDs/m42_neg_YFP_IGHV8-8-01_IGHJ1-03_48_1.aln.fasta
IGHV1-78*01_IGHJ4*01_39_3,4,m42,neg_YFP,m42_neg_YFP_IGHV1-78-01_IGHJ4-01_39_3,/home/hieunguyen/CRC1382/outdir/molmed_server/mixcr_pipeline_output/data_analysis/05_output/CDR3_0.15/m42/neg_YFP_MIDs/m42_neg_YFP_IGHV1-78-01_IGHJ4-01_39_3.aln.fasta
IGHV1-80*01_IGHJ3*01_42_1,4,m42,neg_YFP,m42_neg_YFP_IGHV1-80-01_IGHJ3-01_42_1,/home/hieunguyen/CRC1382/outdir/molmed_server/mixcr_pipeline_output/data_analysis/05_output/CDR3_0.15/m42/neg_YFP_MIDs/m42_neg_YFP_IGHV1-80-01_IGHJ3-01_42_1.aln.fasta
IGHV2-3*01_IGHJ4*01_48_1,4,m42,neg_YFP,m42_neg_YFP_IGHV2-3-01_IGHJ4-01_48_1,/home/hieunguyen/CRC1382/outdir/molmed_server/mixcr_pipeline_output/data_analysis/05_output/CDR3_0.15/m42/neg_YFP_MIDs/m42_neg_YFP_IGHV2-3-01_IGHJ4-01_48_1.aln.fasta
IGHV3-8*01_IGHJ1*03_54_1,4,m42,neg_YFP,m42_neg_YFP_IGHV3-8-01_IGHJ1-03_54_1,/home/hieunguyen/CRC1382/outdir/molmed_server/mixcr_pipeline_output/data_analysis/05_output/CDR3_0.15/m42/neg_YFP_MIDs/m42_neg_YFP_IGHV3-8-01_IGHJ1-03_54_1.aln.fasta
IGHV1-15*01_IGHJ3*01_39_1,4,m42,neg_YFP,m42_neg_YFP_IGHV1-15-01_IGHJ3-01_39_1,/home/hieunguyen/CRC1382/outdir/molmed_server/mixcr_pipeline_output/data_analysis/05_output/CDR3_0.15/m42/neg_YFP_MIDs/m42_neg_YFP_IGHV1-15-01_IGHJ3-01_39_1.aln.fasta
IGHV5-16*01_IGHJ2*01_48_1,4,m42,neg_YFP,m42_neg_YFP_IGHV5-16-01_IGHJ2-01_48_1,/home/hieunguyen/CRC1382/outdir/molmed_server/mixcr_pipeline_output/data_analysis/05_output/CDR3_0.15/m42/neg_YFP_MIDs/m42_neg_YFP_IGHV5-16-01_IGHJ2-01_48_1.aln.fasta
IGHV5-9_IGHJ2*01_39_1,4,m42,neg_YFP,m42_neg_YFP_IGHV5-9_IGHJ2-01_39_1,/home/hieunguyen/CRC1382/outdir/molmed_server/mixcr_pipeline_output/data_analysis/05_output/CDR3_0.15/m42/neg_YFP_MIDs/m42_neg_YFP_IGHV5-9_IGHJ2-01_39_1.aln.fasta
IGHV5-12*01_IGHJ1*01_60_1,4,m42,neg_YFP,m42_neg_YFP_IGHV5-12-01_IGHJ1-01_60_1,/home/hieunguyen/CRC1382/outdir/molmed_server/mixcr_pipeline_output/data_analysis/05_output/CDR3_0.15/m42/neg_YFP_MIDs/m42_neg_YFP_IGHV5-12-01_IGHJ1-01_60_1.aln.fasta
IGHV3-6*01_IGHJ1*03_57_1,4,m42,neg_YFP,m42_neg_YFP_IGHV3-6-01_IGHJ1-03_57_1,/home/hieunguyen/CRC1382/outdir/molmed_server/mixcr_pipeline_output/data_analysis/05_output/CDR3_0.15/m42/neg_YFP_MIDs/m42_neg_YFP_IGHV3-6-01_IGHJ1-03_57_1.aln.fasta
IGHV1-82*01_IGHJ4*01_48_1,4,m42,neg_YFP,m42_neg_YFP_IGHV1-82-01_IGHJ4-01_48_1,/home/hieunguyen/CRC1382/outdir/molmed_server/mixcr_pipeline_output/data_analysis/05_output/CDR3_0.15/m42/neg_YFP_MIDs/m42_neg_YFP_IGHV1-82-01_IGHJ4-01_48_1.aln.fasta
IGHV9-3*01_IGHJ2*01_33_1,4,m42,neg_YFP,m42_neg_YFP_IGHV9-3-01_IGHJ2-01_33_1,/home/hieunguyen/CRC1382/outdir/molmed_server/mixcr_pipeline_output/data_analysis/05_output/CDR3_0.15/m42/neg_YFP_MIDs/m42_neg_YFP_IGHV9-3-01_IGHJ2-01_33_1.aln.fasta
IGHV3-6*01_IGHJ2*01_54_1,4,m42,neg_YFP,m42_neg_YFP_IGHV3-6-01_IGHJ2-01_54_1,/home/hieunguyen/CRC1382/outdir/molmed_server/mixcr_pipeline_output/data_analysis/05_output/CDR3_0.15/m42/neg_YFP_MIDs/m42_neg_YFP_IGHV3-6-01_IGHJ2-01_54_1.aln.fasta
IGHV1-7*01_IGHJ4*01_42_1,4,m42,neg_YFP,m42_neg_YFP_IGHV1-7-01_IGHJ4-01_42_1,/home/hieunguyen/CRC1382/outdir/molmed_server/mixcr_pipeline_output/data_analysis/05_output/CDR3_0.15/m42/neg_YFP_MIDs/m42_neg_YFP_IGHV1-7-01_IGHJ4-01_42_1.aln.fasta
IGHV7-1*01_IGHJ3*01_45_1,4,m42,neg_YFP,m42_neg_YFP_IGHV7-1-01_IGHJ3-01_45_1,/home/hieunguyen/CRC1382/outdir/molmed_server/mixcr_pipeline_output/data_analysis/05_output/CDR3_0.15/m42/neg_YFP_MIDs/m42_neg_YFP_IGHV7-1-01_IGHJ3-01_45_1.aln.fasta
IGHV6-6*01_IGHJ3*01_30_1,4,m42,neg_YFP,m42_neg_YFP_IGHV6-6-01_IGHJ3-01_30_1,/home/hieunguyen/CRC1382/outdir/molmed_server/mixcr_pipeline_output/data_analysis/05_output/CDR3_0.15/m42/neg_YFP_MIDs/m42_neg_YFP_IGHV6-6-01_IGHJ3-01_30_1.aln.fasta
IGHV1-53*01_IGHJ3*01_42_1,4,m42,neg_YFP,m42_neg_YFP_IGHV1-53-01_IGHJ3-01_42_1,/home/hieunguyen/CRC1382/outdir/molmed_server/mixcr_pipeline_output/data_analysis/05_output/CDR3_0.15/m42/neg_YFP_MIDs/m42_neg_YFP_IGHV1-53-01_IGHJ3-01_42_1.aln.fasta
IGHV1-47*01_IGHJ3*01_39_1,4,m42,neg_YFP,m42_neg_YFP_IGHV1-47-01_IGHJ3-01_39_1,/home/hieunguyen/CRC1382/outdir/molmed_server/mixcr_pipeline_output/data_analysis/05_output/CDR3_0.15/m42/neg_YFP_MIDs/m42_neg_YFP_IGHV1-47-01_IGHJ3-01_39_1.aln.fasta
IGHV1-18*01_IGHJ4*01_45_2,4,m42,neg_YFP,m42_neg_YFP_IGHV1-18-01_IGHJ4-01_45_2,/home/hieunguyen/CRC1382/outdir/molmed_server/mixcr_pipeline_output/data_analysis/05_output/CDR3_0.15/m42/neg_YFP_MIDs/m42_neg_YFP_IGHV1-18-01_IGHJ4-01_45_2.aln.fasta
IGHV1-9*01_IGHJ3*01_30_1,4,m42,neg_YFP,m42_neg_YFP_IGHV1-9-01_IGHJ3-01_30_1,/home/hieunguyen/CRC1382/outdir/molmed_server/mixcr_pipeline_output/data_analysis/05_output/CDR3_0.15/m42/neg_YFP_MIDs/m42_neg_YFP_IGHV1-9-01_IGHJ3-01_30_1.aln.fasta
IGHV1-82*01_IGHJ2*01_42_1,4,m42,neg_YFP,m42_neg_YFP_IGHV1-82-01_IGHJ2-01_42_1,/home/hieunguyen/CRC1382/outdir/molmed_server/mixcr_pipeline_output/data_analysis/05_output/CDR3_0.15/m42/neg_YFP_MIDs/m42_neg_YFP_IGHV1-82-01_IGHJ2-01_42_1.aln.fasta
IGHV1-53*01_IGHJ3*01_36_2,4,m42,neg_YFP,m42_neg_YFP_IGHV1-53-01_IGHJ3-01_36_2,/home/hieunguyen/CRC1382/outdir/molmed_server/mixcr_pipeline_output/data_analysis/05_output/CDR3_0.15/m42/neg_YFP_MIDs/m42_neg_YFP_IGHV1-53-01_IGHJ3-01_36_2.aln.fasta
IGHV8-12*01_IGHJ4*01_48_1,4,m42,neg_YFP,m42_neg_YFP_IGHV8-12-01_IGHJ4-01_48_1,/home/hieunguyen/CRC1382/outdir/molmed_server/mixcr_pipeline_output/data_analysis/05_output/CDR3_0.15/m42/neg_YFP_MIDs/m42_neg_YFP_IGHV8-12-01_IGHJ4-01_48_1.aln.fasta
IGHV1-72*01_IGHJ1*03_39_4,4,m42,neg_YFP,m42_neg_YFP_IGHV1-72-01_IGHJ1-03_39_4,/home/hieunguyen/CRC1382/outdir/molmed_server/mixcr_pipeline_output/data_analysis/05_output/CDR3_0.15/m42/neg_YFP_MIDs/m42_neg_YFP_IGHV1-72-01_IGHJ1-03_39_4.aln.fasta
IGHV1-26*01_IGHJ4*01_51_1,4,m42,neg_YFP,m42_neg_YFP_IGHV1-26-01_IGHJ4-01_51_1,/home/hieunguyen/CRC1382/outdir/molmed_server/mixcr_pipeline_output/data_analysis/05_output/CDR3_0.15/m42/neg_YFP_MIDs/m42_neg_YFP_IGHV1-26-01_IGHJ4-01_51_1.aln.fasta
IGHV2-9_IGHJ3*01_42_1,4,m42,neg_YFP,m42_neg_YFP_IGHV2-9_IGHJ3-01_42_1,/home/hieunguyen/CRC1382/outdir/molmed_server/mixcr_pipeline_output/data_analysis/05_output/CDR3_0.15/m42/neg_YFP_MIDs/m42_neg_YFP_IGHV2-9_IGHJ3-01_42_1.aln.fasta
IGHV1-59*01_IGHJ1*03_57_1,4,m42,neg_YFP,m42_neg_YFP_IGHV1-59-01_IGHJ1-03_57_1,/home/hieunguyen/CRC1382/outdir/molmed_server/mixcr_pipeline_output/data_analysis/05_output/CDR3_0.15/m42/neg_YFP_MIDs/m42_neg_YFP_IGHV1-59-01_IGHJ1-03_57_1.aln.fasta
IGHV5-17*01_IGHJ4*01_42_1,5,m42,neg_YFP,m42_neg_YFP_IGHV5-17-01_IGHJ4-01_42_1,/home/hieunguyen/CRC1382/outdir/molmed_server/mixcr_pipeline_output/data_analysis/05_output/CDR3_0.15/m42/neg_YFP_MIDs/m42_neg_YFP_IGHV5-17-01_IGHJ4-01_42_1.aln.fasta
IGHV1-26*01_IGHJ3*01_45_1,5,m42,neg_YFP,m42_neg_YFP_IGHV1-26-01_IGHJ3-01_45_1,/home/hieunguyen/CRC1382/outdir/molmed_server/mixcr_pipeline_output/data_analysis/05_output/CDR3_0.15/m42/neg_YFP_MIDs/m42_neg_YFP_IGHV1-26-01_IGHJ3-01_45_1.aln.fasta
IGHV1-82*01_IGHJ3*01_30_1,5,m42,neg_YFP,m42_neg_YFP_IGHV1-82-01_IGHJ3-01_30_1,/home/hieunguyen/CRC1382/outdir/molmed_server/mixcr_pipeline_output/data_analysis/05_output/CDR3_0.15/m42/neg_YFP_MIDs/m42_neg_YFP_IGHV1-82-01_IGHJ3-01_30_1.aln.fasta
IGHV14-2*01_IGHJ2*01_30_1,5,m42,neg_YFP,m42_neg_YFP_IGHV14-2-01_IGHJ2-01_30_1,/home/hieunguyen/CRC1382/outdir/molmed_server/mixcr_pipeline_output/data_analysis/05_output/CDR3_0.15/m42/neg_YFP_MIDs/m42_neg_YFP_IGHV14-2-01_IGHJ2-01_30_1.aln.fasta
IGHV1-80*01_IGHJ4*01_42_1,5,m42,neg_YFP,m42_neg_YFP_IGHV1-80-01_IGHJ4-01_42_1,/home/hieunguyen/CRC1382/outdir/molmed_server/mixcr_pipeline_output/data_analysis/05_output/CDR3_0.15/m42/neg_YFP_MIDs/m42_neg_YFP_IGHV1-80-01_IGHJ4-01_42_1.aln.fasta
IGHV1-7*01_IGHJ3*01_42_1,5,m42,neg_YFP,m42_neg_YFP_IGHV1-7-01_IGHJ3-01_42_1,/home/hieunguyen/CRC1382/outdir/molmed_server/mixcr_pipeline_output/data_analysis/05_output/CDR3_0.15/m42/neg_YFP_MIDs/m42_neg_YFP_IGHV1-7-01_IGHJ3-01_42_1.aln.fasta
IGHV1-19*01_IGHJ3*01_42_1,5,m42,neg_YFP,m42_neg_YFP_IGHV1-19-01_IGHJ3-01_42_1,/home/hieunguyen/CRC1382/outdir/molmed_server/mixcr_pipeline_output/data_analysis/05_output/CDR3_0.15/m42/neg_YFP_MIDs/m42_neg_YFP_IGHV1-19-01_IGHJ3-01_42_1.aln.fasta
IGHV1-18*01_IGHJ1*03_45_1,5,m42,neg_YFP,m42_neg_YFP_IGHV1-18-01_IGHJ1-03_45_1,/home/hieunguyen/CRC1382/outdir/molmed_server/mixcr_pipeline_output/data_analysis/05_output/CDR3_0.15/m42/neg_YFP_MIDs/m42_neg_YFP_IGHV1-18-01_IGHJ1-03_45_1.aln.fasta
IGHV1-72*01_IGHJ2*01_42_3,5,m42,neg_YFP,m42_neg_YFP_IGHV1-72-01_IGHJ2-01_42_3,/home/hieunguyen/CRC1382/outdir/molmed_server/mixcr_pipeline_output/data_analysis/05_output/CDR3_0.15/m42/neg_YFP_MIDs/m42_neg_YFP_IGHV1-72-01_IGHJ2-01_42_3.aln.fasta
IGHV1-72*01_IGHJ2*01_42_1,5,m42,neg_YFP,m42_neg_YFP_IGHV1-72-01_IGHJ2-01_42_1,/home/hieunguyen/CRC1382/outdir/molmed_server/mixcr_pipeline_output/data_analysis/05_output/CDR3_0.15/m42/neg_YFP_MIDs/m42_neg_YFP_IGHV1-72-01_IGHJ2-01_42_1.aln.fasta
IGHV1-82*01_IGHJ2*01_39_1,5,m42,neg_YFP,m42_neg_YFP_IGHV1-82-01_IGHJ2-01_39_1,/home/hieunguyen/CRC1382/outdir/molmed_server/mixcr_pipeline_output/data_analysis/05_output/CDR3_0.15/m42/neg_YFP_MIDs/m42_neg_YFP_IGHV1-82-01_IGHJ2-01_39_1.aln.fasta
IGHV1-26*01_IGHJ3*01_39_4,5,m42,neg_YFP,m42_neg_YFP_IGHV1-26-01_IGHJ3-01_39_4,/home/hieunguyen/CRC1382/outdir/molmed_server/mixcr_pipeline_output/data_analysis/05_output/CDR3_0.15/m42/neg_YFP_MIDs/m42_neg_YFP_IGHV1-26-01_IGHJ3-01_39_4.aln.fasta
IGHV1-26*01_IGHJ3*01_45_2,5,m42,neg_YFP,m42_neg_YFP_IGHV1-26-01_IGHJ3-01_45_2,/home/hieunguyen/CRC1382/outdir/molmed_server/mixcr_pipeline_output/data_analysis/05_output/CDR3_0.15/m42/neg_YFP_MIDs/m42_neg_YFP_IGHV1-26-01_IGHJ3-01_45_2.aln.fasta
IGHV1-64*01_IGHJ2*01_42_2,5,m42,neg_YFP,m42_neg_YFP_IGHV1-64-01_IGHJ2-01_42_2,/home/hieunguyen/CRC1382/outdir/molmed_server/mixcr_pipeline_output/data_analysis/05_output/CDR3_0.15/m42/neg_YFP_MIDs/m42_neg_YFP_IGHV1-64-01_IGHJ2-01_42_2.aln.fasta
IGHV1-42*01_IGHJ4*01_54_2,5,m42,neg_YFP,m42_neg_YFP_IGHV1-42-01_IGHJ4-01_54_2,/home/hieunguyen/CRC1382/outdir/molmed_server/mixcr_pipeline_output/data_analysis/05_output/CDR3_0.15/m42/neg_YFP_MIDs/m42_neg_YFP_IGHV1-42-01_IGHJ4-01_54_2.aln.fasta
IGHV2-3*01_IGHJ4*01_42_1,5,m42,neg_YFP,m42_neg_YFP_IGHV2-3-01_IGHJ4-01_42_1,/home/hieunguyen/CRC1382/outdir/molmed_server/mixcr_pipeline_output/data_analysis/05_output/CDR3_0.15/m42/neg_YFP_MIDs/m42_neg_YFP_IGHV2-3-01_IGHJ4-01_42_1.aln.fasta
IGHV14-3*01_IGHJ4*01_39_1,5,m42,neg_YFP,m42_neg_YFP_IGHV14-3-01_IGHJ4-01_39_1,/home/hieunguyen/CRC1382/outdir/molmed_server/mixcr_pipeline_output/data_analysis/05_output/CDR3_0.15/m42/neg_YFP_MIDs/m42_neg_YFP_IGHV14-3-01_IGHJ4-01_39_1.aln.fasta
IGHV8-12*01_IGHJ3*01_39_1,5,m42,neg_YFP,m42_neg_YFP_IGHV8-12-01_IGHJ3-01_39_1,/home/hieunguyen/CRC1382/outdir/molmed_server/mixcr_pipeline_output/data_analysis/05_output/CDR3_0.15/m42/neg_YFP_MIDs/m42_neg_YFP_IGHV8-12-01_IGHJ3-01_39_1.aln.fasta
IGHV3-5*01_IGHJ2*01_42_1,5,m42,neg_YFP,m42_neg_YFP_IGHV3-5-01_IGHJ2-01_42_1,/home/hieunguyen/CRC1382/outdir/molmed_server/mixcr_pipeline_output/data_analysis/05_output/CDR3_0.15/m42/neg_YFP_MIDs/m42_neg_YFP_IGHV3-5-01_IGHJ2-01_42_1.aln.fasta
IGHV9-4*01_IGHJ4*01_33_1,5,m42,neg_YFP,m42_neg_YFP_IGHV9-4-01_IGHJ4-01_33_1,/home/hieunguyen/CRC1382/outdir/molmed_server/mixcr_pipeline_output/data_analysis/05_output/CDR3_0.15/m42/neg_YFP_MIDs/m42_neg_YFP_IGHV9-4-01_IGHJ4-01_33_1.aln.fasta
IGHV3-1*01_IGHJ2*01_39_1,5,m42,neg_YFP,m42_neg_YFP_IGHV3-1-01_IGHJ2-01_39_1,/home/hieunguyen/CRC1382/outdir/molmed_server/mixcr_pipeline_output/data_analysis/05_output/CDR3_0.15/m42/neg_YFP_MIDs/m42_neg_YFP_IGHV3-1-01_IGHJ2-01_39_1.aln.fasta
IGHV1-15*01_IGHJ3*01_51_1,5,m42,neg_YFP,m42_neg_YFP_IGHV1-15-01_IGHJ3-01_51_1,/home/hieunguyen/CRC1382/outdir/molmed_server/mixcr_pipeline_output/data_analysis/05_output/CDR3_0.15/m42/neg_YFP_MIDs/m42_neg_YFP_IGHV1-15-01_IGHJ3-01_51_1.aln.fasta
IGHV3-4*01_IGHJ4*01_36_1,5,m42,neg_YFP,m42_neg_YFP_IGHV3-4-01_IGHJ4-01_36_1,/home/hieunguyen/CRC1382/outdir/molmed_server/mixcr_pipeline_output/data_analysis/05_output/CDR3_0.15/m42/neg_YFP_MIDs/m42_neg_YFP_IGHV3-4-01_IGHJ4-01_36_1.aln.fasta
IGHV1-84*01_IGHJ2*01_48_1,5,m42,neg_YFP,m42_neg_YFP_IGHV1-84-01_IGHJ2-01_48_1,/home/hieunguyen/CRC1382/outdir/molmed_server/mixcr_pipeline_output/data_analysis/05_output/CDR3_0.15/m42/neg_YFP_MIDs/m42_neg_YFP_IGHV1-84-01_IGHJ2-01_48_1.aln.fasta
IGHV2-5*01_IGHJ4*01_60_1,5,m42,neg_YFP,m42_neg_YFP_IGHV2-5-01_IGHJ4-01_60_1,/home/hieunguyen/CRC1382/outdir/molmed_server/mixcr_pipeline_output/data_analysis/05_output/CDR3_0.15/m42/neg_YFP_MIDs/m42_neg_YFP_IGHV2-5-01_IGHJ4-01_60_1.aln.fasta
IGHV5-6*01_IGHJ2*01_54_1,5,m42,neg_YFP,m42_neg_YFP_IGHV5-6-01_IGHJ2-01_54_1,/home/hieunguyen/CRC1382/outdir/molmed_server/mixcr_pipeline_output/data_analysis/05_output/CDR3_0.15/m42/neg_YFP_MIDs/m42_neg_YFP_IGHV5-6-01_IGHJ2-01_54_1.aln.fasta
IGHV1-47*01_IGHJ4*01_42_1,5,m42,neg_YFP,m42_neg_YFP_IGHV1-47-01_IGHJ4-01_42_1,/home/hieunguyen/CRC1382/outdir/molmed_server/mixcr_pipeline_output/data_analysis/05_output/CDR3_0.15/m42/neg_YFP_MIDs/m42_neg_YFP_IGHV1-47-01_IGHJ4-01_42_1.aln.fasta
IGHV1-50*01_IGHJ3*01_36_1,5,m42,neg_YFP,m42_neg_YFP_IGHV1-50-01_IGHJ3-01_36_1,/home/hieunguyen/CRC1382/outdir/molmed_server/mixcr_pipeline_output/data_analysis/05_output/CDR3_0.15/m42/neg_YFP_MIDs/m42_neg_YFP_IGHV1-50-01_IGHJ3-01_36_1.aln.fasta
IGHV1-76*01_IGHJ2*01_33_1,5,m42,neg_YFP,m42_neg_YFP_IGHV1-76-01_IGHJ2-01_33_1,/home/hieunguyen/CRC1382/outdir/molmed_server/mixcr_pipeline_output/data_analysis/05_output/CDR3_0.15/m42/neg_YFP_MIDs/m42_neg_YFP_IGHV1-76-01_IGHJ2-01_33_1.aln.fasta
IGHV1-82*01_IGHJ2*01_30_1,5,m42,neg_YFP,m42_neg_YFP_IGHV1-82-01_IGHJ2-01_30_1,/home/hieunguyen/CRC1382/outdir/molmed_server/mixcr_pipeline_output/data_analysis/05_output/CDR3_0.15/m42/neg_YFP_MIDs/m42_neg_YFP_IGHV1-82-01_IGHJ2-01_30_1.aln.fasta
IGHV14-2*01_IGHJ4*01_39_1,6,m42,neg_YFP,m42_neg_YFP_IGHV14-2-01_IGHJ4-01_39_1,/home/hieunguyen/CRC1382/outdir/molmed_server/mixcr_pipeline_output/data_analysis/05_output/CDR3_0.15/m42/neg_YFP_MIDs/m42_neg_YFP_IGHV14-2-01_IGHJ4-01_39_1.aln.fasta
IGHV1-20*01_IGHJ1*03_42_1,6,m42,neg_YFP,m42_neg_YFP_IGHV1-20-01_IGHJ1-03_42_1,/home/hieunguyen/CRC1382/outdir/molmed_server/mixcr_pipeline_output/data_analysis/05_output/CDR3_0.15/m42/neg_YFP_MIDs/m42_neg_YFP_IGHV1-20-01_IGHJ1-03_42_1.aln.fasta
IGHV1-58*01_IGHJ1*03_45_1,6,m42,neg_YFP,m42_neg_YFP_IGHV1-58-01_IGHJ1-03_45_1,/home/hieunguyen/CRC1382/outdir/molmed_server/mixcr_pipeline_output/data_analysis/05_output/CDR3_0.15/m42/neg_YFP_MIDs/m42_neg_YFP_IGHV1-58-01_IGHJ1-03_45_1.aln.fasta
IGHV10-3*01_IGHJ2*01_33_2,6,m42,neg_YFP,m42_neg_YFP_IGHV10-3-01_IGHJ2-01_33_2,/home/hieunguyen/CRC1382/outdir/molmed_server/mixcr_pipeline_output/data_analysis/05_output/CDR3_0.15/m42/neg_YFP_MIDs/m42_neg_YFP_IGHV10-3-01_IGHJ2-01_33_2.aln.fasta
IGHV9-3*01_IGHJ2*01_39_1,6,m42,neg_YFP,m42_neg_YFP_IGHV9-3-01_IGHJ2-01_39_1,/home/hieunguyen/CRC1382/outdir/molmed_server/mixcr_pipeline_output/data_analysis/05_output/CDR3_0.15/m42/neg_YFP_MIDs/m42_neg_YFP_IGHV9-3-01_IGHJ2-01_39_1.aln.fasta
IGHV5-21*01_IGHJ3*01_37_2,6,m42,neg_YFP,m42_neg_YFP_IGHV5-21-01_IGHJ3-01_37_2,/home/hieunguyen/CRC1382/outdir/molmed_server/mixcr_pipeline_output/data_analysis/05_output/CDR3_0.15/m42/neg_YFP_MIDs/m42_neg_YFP_IGHV5-21-01_IGHJ3-01_37_2.aln.fasta
IGHV1-62_IGHJ2*01_51_1,6,m42,neg_YFP,m42_neg_YFP_IGHV1-62_IGHJ2-01_51_1,/home/hieunguyen/CRC1382/outdir/molmed_server/mixcr_pipeline_output/data_analysis/05_output/CDR3_0.15/m42/neg_YFP_MIDs/m42_neg_YFP_IGHV1-62_IGHJ2-01_51_1.aln.fasta
IGHV1-81*01_IGHJ4*01_45_1,6,m42,neg_YFP,m42_neg_YFP_IGHV1-81-01_IGHJ4-01_45_1,/home/hieunguyen/CRC1382/outdir/molmed_server/mixcr_pipeline_output/data_analysis/05_output/CDR3_0.15/m42/neg_YFP_MIDs/m42_neg_YFP_IGHV1-81-01_IGHJ4-01_45_1.aln.fasta
IGHV1-72*01_IGHJ3*01_51_1,6,m42,neg_YFP,m42_neg_YFP_IGHV1-72-01_IGHJ3-01_51_1,/home/hieunguyen/CRC1382/outdir/molmed_server/mixcr_pipeline_output/data_analysis/05_output/CDR3_0.15/m42/neg_YFP_MIDs/m42_neg_YFP_IGHV1-72-01_IGHJ3-01_51_1.aln.fasta
IGHV5-16*01_IGHJ1*03_42_1,6,m42,neg_YFP,m42_neg_YFP_IGHV5-16-01_IGHJ1-03_42_1,/home/hieunguyen/CRC1382/outdir/molmed_server/mixcr_pipeline_output/data_analysis/05_output/CDR3_0.15/m42/neg_YFP_MIDs/m42_neg_YFP_IGHV5-16-01_IGHJ1-03_42_1.aln.fasta
IGHV1-64*01_IGHJ4*01_45_2,6,m42,neg_YFP,m42_neg_YFP_IGHV1-64-01_IGHJ4-01_45_2,/home/hieunguyen/CRC1382/outdir/molmed_server/mixcr_pipeline_output/data_analysis/05_output/CDR3_0.15/m42/neg_YFP_MIDs/m42_neg_YFP_IGHV1-64-01_IGHJ4-01_45_2.aln.fasta
IGHV1-52*01_IGHJ4*01_39_1,6,m42,neg_YFP,m42_neg_YFP_IGHV1-52-01_IGHJ4-01_39_1,/home/hieunguyen/CRC1382/outdir/molmed_server/mixcr_pipeline_output/data_analysis/05_output/CDR3_0.15/m42/neg_YFP_MIDs/m42_neg_YFP_IGHV1-52-01_IGHJ4-01_39_1.aln.fasta
IGHV1-18*01_IGHJ2*01_54_1,6,m42,neg_YFP,m42_neg_YFP_IGHV1-18-01_IGHJ2-01_54_1,/home/hieunguyen/CRC1382/outdir/molmed_server/mixcr_pipeline_output/data_analysis/05_output/CDR3_0.15/m42/neg_YFP_MIDs/m42_neg_YFP_IGHV1-18-01_IGHJ2-01_54_1.aln.fasta
IGHV1-22*01_IGHJ2*01_27_2,6,m42,neg_YFP,m42_neg_YFP_IGHV1-22-01_IGHJ2-01_27_2,/home/hieunguyen/CRC1382/outdir/molmed_server/mixcr_pipeline_output/data_analysis/05_output/CDR3_0.15/m42/neg_YFP_MIDs/m42_neg_YFP_IGHV1-22-01_IGHJ2-01_27_2.aln.fasta
IGHV1-78*01_IGHJ2*01_42_1,6,m42,neg_YFP,m42_neg_YFP_IGHV1-78-01_IGHJ2-01_42_1,/home/hieunguyen/CRC1382/outdir/molmed_server/mixcr_pipeline_output/data_analysis/05_output/CDR3_0.15/m42/neg_YFP_MIDs/m42_neg_YFP_IGHV1-78-01_IGHJ2-01_42_1.aln.fasta
IGHV1-42*01_IGHJ2*01_30_3,6,m42,neg_YFP,m42_neg_YFP_IGHV1-42-01_IGHJ2-01_30_3,/home/hieunguyen/CRC1382/outdir/molmed_server/mixcr_pipeline_output/data_analysis/05_output/CDR3_0.15/m42/neg_YFP_MIDs/m42_neg_YFP_IGHV1-42-01_IGHJ2-01_30_3.aln.fasta
IGHV3-6*01_IGHJ3*01_51_1,6,m42,neg_YFP,m42_neg_YFP_IGHV3-6-01_IGHJ3-01_51_1,/home/hieunguyen/CRC1382/outdir/molmed_server/mixcr_pipeline_output/data_analysis/05_output/CDR3_0.15/m42/neg_YFP_MIDs/m42_neg_YFP_IGHV3-6-01_IGHJ3-01_51_1.aln.fasta
IGHV1-39*01_IGHJ4*01_39_5,6,m42,neg_YFP,m42_neg_YFP_IGHV1-39-01_IGHJ4-01_39_5,/home/hieunguyen/CRC1382/outdir/molmed_server/mixcr_pipeline_output/data_analysis/05_output/CDR3_0.15/m42/neg_YFP_MIDs/m42_neg_YFP_IGHV1-39-01_IGHJ4-01_39_5.aln.fasta
IGHV2-2*01_IGHJ4*01_45_1,6,m42,neg_YFP,m42_neg_YFP_IGHV2-2-01_IGHJ4-01_45_1,/home/hieunguyen/CRC1382/outdir/molmed_server/mixcr_pipeline_output/data_analysis/05_output/CDR3_0.15/m42/neg_YFP_MIDs/m42_neg_YFP_IGHV2-2-01_IGHJ4-01_45_1.aln.fasta
IGHV1-64*01_IGHJ2*01_39_3,6,m42,neg_YFP,m42_neg_YFP_IGHV1-64-01_IGHJ2-01_39_3,/home/hieunguyen/CRC1382/outdir/molmed_server/mixcr_pipeline_output/data_analysis/05_output/CDR3_0.15/m42/neg_YFP_MIDs/m42_neg_YFP_IGHV1-64-01_IGHJ2-01_39_3.aln.fasta
IGHV1-64*01_IGHJ4*01_42_3,6,m42,neg_YFP,m42_neg_YFP_IGHV1-64-01_IGHJ4-01_42_3,/home/hieunguyen/CRC1382/outdir/molmed_server/mixcr_pipeline_output/data_analysis/05_output/CDR3_0.15/m42/neg_YFP_MIDs/m42_neg_YFP_IGHV1-64-01_IGHJ4-01_42_3.aln.fasta
IGHV1-26*01_IGHJ4*01_45_2,6,m42,neg_YFP,m42_neg_YFP_IGHV1-26-01_IGHJ4-01_45_2,/home/hieunguyen/CRC1382/outdir/molmed_server/mixcr_pipeline_output/data_analysis/05_output/CDR3_0.15/m42/neg_YFP_MIDs/m42_neg_YFP_IGHV1-26-01_IGHJ4-01_45_2.aln.fasta
IGHV1-42*01_IGHJ2*01_30_2,6,m42,neg_YFP,m42_neg_YFP_IGHV1-42-01_IGHJ2-01_30_2,/home/hieunguyen/CRC1382/outdir/molmed_server/mixcr_pipeline_output/data_analysis/05_output/CDR3_0.15/m42/neg_YFP_MIDs/m42_neg_YFP_IGHV1-42-01_IGHJ2-01_30_2.aln.fasta
IGHV1-64*01_IGHJ4*01_42_2,6,m42,neg_YFP,m42_neg_YFP_IGHV1-64-01_IGHJ4-01_42_2,/home/hieunguyen/CRC1382/outdir/molmed_server/mixcr_pipeline_output/data_analysis/05_output/CDR3_0.15/m42/neg_YFP_MIDs/m42_neg_YFP_IGHV1-64-01_IGHJ4-01_42_2.aln.fasta
IGHV1-81*01_IGHJ4*01_36_1,6,m42,neg_YFP,m42_neg_YFP_IGHV1-81-01_IGHJ4-01_36_1,/home/hieunguyen/CRC1382/outdir/molmed_server/mixcr_pipeline_output/data_analysis/05_output/CDR3_0.15/m42/neg_YFP_MIDs/m42_neg_YFP_IGHV1-81-01_IGHJ4-01_36_1.aln.fasta
IGHV3-1*01_IGHJ2*01_51_3,7,m42,neg_YFP,m42_neg_YFP_IGHV3-1-01_IGHJ2-01_51_3,/home/hieunguyen/CRC1382/outdir/molmed_server/mixcr_pipeline_output/data_analysis/05_output/CDR3_0.15/m42/neg_YFP_MIDs/m42_neg_YFP_IGHV3-1-01_IGHJ2-01_51_3.aln.fasta
IGHV14-3*01_IGHJ3*01_45_1,7,m42,neg_YFP,m42_neg_YFP_IGHV14-3-01_IGHJ3-01_45_1,/home/hieunguyen/CRC1382/outdir/molmed_server/mixcr_pipeline_output/data_analysis/05_output/CDR3_0.15/m42/neg_YFP_MIDs/m42_neg_YFP_IGHV14-3-01_IGHJ3-01_45_1.aln.fasta
IGHV1-9*01_IGHJ4*01_48_1,7,m42,neg_YFP,m42_neg_YFP_IGHV1-9-01_IGHJ4-01_48_1,/home/hieunguyen/CRC1382/outdir/molmed_server/mixcr_pipeline_output/data_analysis/05_output/CDR3_0.15/m42/neg_YFP_MIDs/m42_neg_YFP_IGHV1-9-01_IGHJ4-01_48_1.aln.fasta
IGHV1-75*01_IGHJ2*01_36_1,7,m42,neg_YFP,m42_neg_YFP_IGHV1-75-01_IGHJ2-01_36_1,/home/hieunguyen/CRC1382/outdir/molmed_server/mixcr_pipeline_output/data_analysis/05_output/CDR3_0.15/m42/neg_YFP_MIDs/m42_neg_YFP_IGHV1-75-01_IGHJ2-01_36_1.aln.fasta
IGHV1-15*01_IGHJ2*01_27_1,7,m42,neg_YFP,m42_neg_YFP_IGHV1-15-01_IGHJ2-01_27_1,/home/hieunguyen/CRC1382/outdir/molmed_server/mixcr_pipeline_output/data_analysis/05_output/CDR3_0.15/m42/neg_YFP_MIDs/m42_neg_YFP_IGHV1-15-01_IGHJ2-01_27_1.aln.fasta
IGHV3-8*01_IGHJ2*01_30_1,7,m42,neg_YFP,m42_neg_YFP_IGHV3-8-01_IGHJ2-01_30_1,/home/hieunguyen/CRC1382/outdir/molmed_server/mixcr_pipeline_output/data_analysis/05_output/CDR3_0.15/m42/neg_YFP_MIDs/m42_neg_YFP_IGHV3-8-01_IGHJ2-01_30_1.aln.fasta
IGHV14-2*01_IGHJ3*01_39_1,7,m42,neg_YFP,m42_neg_YFP_IGHV14-2-01_IGHJ3-01_39_1,/home/hieunguyen/CRC1382/outdir/molmed_server/mixcr_pipeline_output/data_analysis/05_output/CDR3_0.15/m42/neg_YFP_MIDs/m42_neg_YFP_IGHV14-2-01_IGHJ3-01_39_1.aln.fasta
IGHV3-6*01_IGHJ3*01_48_1,7,m42,neg_YFP,m42_neg_YFP_IGHV3-6-01_IGHJ3-01_48_1,/home/hieunguyen/CRC1382/outdir/molmed_server/mixcr_pipeline_output/data_analysis/05_output/CDR3_0.15/m42/neg_YFP_MIDs/m42_neg_YFP_IGHV3-6-01_IGHJ3-01_48_1.aln.fasta
IGHV1-53*01_IGHJ2*01_51_1,7,m42,neg_YFP,m42_neg_YFP_IGHV1-53-01_IGHJ2-01_51_1,/home/hieunguyen/CRC1382/outdir/molmed_server/mixcr_pipeline_output/data_analysis/05_output/CDR3_0.15/m42/neg_YFP_MIDs/m42_neg_YFP_IGHV1-53-01_IGHJ2-01_51_1.aln.fasta
IGHV1-76*01_IGHJ3*01_33_1,7,m42,neg_YFP,m42_neg_YFP_IGHV1-76-01_IGHJ3-01_33_1,/home/hieunguyen/CRC1382/outdir/molmed_server/mixcr_pipeline_output/data_analysis/05_output/CDR3_0.15/m42/neg_YFP_MIDs/m42_neg_YFP_IGHV1-76-01_IGHJ3-01_33_1.aln.fasta
IGHV1-78*01_IGHJ1*03_51_1,7,m42,neg_YFP,m42_neg_YFP_IGHV1-78-01_IGHJ1-03_51_1,/home/hieunguyen/CRC1382/outdir/molmed_server/mixcr_pipeline_output/data_analysis/05_output/CDR3_0.15/m42/neg_YFP_MIDs/m42_neg_YFP_IGHV1-78-01_IGHJ1-03_51_1.aln.fasta
IGHV1-62_IGHJ2*01_42_1,7,m42,neg_YFP,m42_neg_YFP_IGHV1-62_IGHJ2-01_42_1,/home/hieunguyen/CRC1382/outdir/molmed_server/mixcr_pipeline_output/data_analysis/05_output/CDR3_0.15/m42/neg_YFP_MIDs/m42_neg_YFP_IGHV1-62_IGHJ2-01_42_1.aln.fasta
IGHV1-59*01_IGHJ1*03_45_2,7,m42,neg_YFP,m42_neg_YFP_IGHV1-59-01_IGHJ1-03_45_2,/home/hieunguyen/CRC1382/outdir/molmed_server/mixcr_pipeline_output/data_analysis/05_output/CDR3_0.15/m42/neg_YFP_MIDs/m42_neg_YFP_IGHV1-59-01_IGHJ1-03_45_2.aln.fasta
IGHV1-26*01_IGHJ2*01_39_2,7,m42,neg_YFP,m42_neg_YFP_IGHV1-26-01_IGHJ2-01_39_2,/home/hieunguyen/CRC1382/outdir/molmed_server/mixcr_pipeline_output/data_analysis/05_output/CDR3_0.15/m42/neg_YFP_MIDs/m42_neg_YFP_IGHV1-26-01_IGHJ2-01_39_2.aln.fasta
IGHV1-52*01_IGHJ3*01_42_1,7,m42,neg_YFP,m42_neg_YFP_IGHV1-52-01_IGHJ3-01_42_1,/home/hieunguyen/CRC1382/outdir/molmed_server/mixcr_pipeline_output/data_analysis/05_output/CDR3_0.15/m42/neg_YFP_MIDs/m42_neg_YFP_IGHV1-52-01_IGHJ3-01_42_1.aln.fasta
IGHV1-26*01_IGHJ3*01_39_3,7,m42,neg_YFP,m42_neg_YFP_IGHV1-26-01_IGHJ3-01_39_3,/home/hieunguyen/CRC1382/outdir/molmed_server/mixcr_pipeline_output/data_analysis/05_output/CDR3_0.15/m42/neg_YFP_MIDs/m42_neg_YFP_IGHV1-26-01_IGHJ3-01_39_3.aln.fasta
IGHV1-77*01_IGHJ2*01_39_3,8,m42,neg_YFP,m42_neg_YFP_IGHV1-77-01_IGHJ2-01_39_3,/home/hieunguyen/CRC1382/outdir/molmed_server/mixcr_pipeline_output/data_analysis/05_output/CDR3_0.15/m42/neg_YFP_MIDs/m42_neg_YFP_IGHV1-77-01_IGHJ2-01_39_3.aln.fasta
IGHV1-72*01_IGHJ2*01_42_2,8,m42,neg_YFP,m42_neg_YFP_IGHV1-72-01_IGHJ2-01_42_2,/home/hieunguyen/CRC1382/outdir/molmed_server/mixcr_pipeline_output/data_analysis/05_output/CDR3_0.15/m42/neg_YFP_MIDs/m42_neg_YFP_IGHV1-72-01_IGHJ2-01_42_2.aln.fasta
IGHV1-18*01_IGHJ1*03_54_1,8,m42,neg_YFP,m42_neg_YFP_IGHV1-18-01_IGHJ1-03_54_1,/home/hieunguyen/CRC1382/outdir/molmed_server/mixcr_pipeline_output/data_analysis/05_output/CDR3_0.15/m42/neg_YFP_MIDs/m42_neg_YFP_IGHV1-18-01_IGHJ1-03_54_1.aln.fasta
IGHV14-3*01_IGHJ2*01_27_1,8,m42,neg_YFP,m42_neg_YFP_IGHV14-3-01_IGHJ2-01_27_1,/home/hieunguyen/CRC1382/outdir/molmed_server/mixcr_pipeline_output/data_analysis/05_output/CDR3_0.15/m42/neg_YFP_MIDs/m42_neg_YFP_IGHV14-3-01_IGHJ2-01_27_1.aln.fasta
IGHV1-39*01_IGHJ4*01_39_6,8,m42,neg_YFP,m42_neg_YFP_IGHV1-39-01_IGHJ4-01_39_6,/home/hieunguyen/CRC1382/outdir/molmed_server/mixcr_pipeline_output/data_analysis/05_output/CDR3_0.15/m42/neg_YFP_MIDs/m42_neg_YFP_IGHV1-39-01_IGHJ4-01_39_6.aln.fasta
IGHV1-9*01_IGHJ2*01_42_1,8,m42,neg_YFP,m42_neg_YFP_IGHV1-9-01_IGHJ2-01_42_1,/home/hieunguyen/CRC1382/outdir/molmed_server/mixcr_pipeline_output/data_analysis/05_output/CDR3_0.15/m42/neg_YFP_MIDs/m42_neg_YFP_IGHV1-9-01_IGHJ2-01_42_1.aln.fasta
IGHV14-2*01_IGHJ3*01_24_1,8,m42,neg_YFP,m42_neg_YFP_IGHV14-2-01_IGHJ3-01_24_1,/home/hieunguyen/CRC1382/outdir/molmed_server/mixcr_pipeline_output/data_analysis/05_output/CDR3_0.15/m42/neg_YFP_MIDs/m42_neg_YFP_IGHV14-2-01_IGHJ3-01_24_1.aln.fasta
IGHV1-18*01_IGHJ2*01_42_2,8,m42,neg_YFP,m42_neg_YFP_IGHV1-18-01_IGHJ2-01_42_2,/home/hieunguyen/CRC1382/outdir/molmed_server/mixcr_pipeline_output/data_analysis/05_output/CDR3_0.15/m42/neg_YFP_MIDs/m42_neg_YFP_IGHV1-18-01_IGHJ2-01_42_2.aln.fasta
IGHV1-26*01_IGHJ2*01_42_1,8,m42,neg_YFP,m42_neg_YFP_IGHV1-26-01_IGHJ2-01_42_1,/home/hieunguyen/CRC1382/outdir/molmed_server/mixcr_pipeline_output/data_analysis/05_output/CDR3_0.15/m42/neg_YFP_MIDs/m42_neg_YFP_IGHV1-26-01_IGHJ2-01_42_1.aln.fasta
IGHV1-53*01_IGHJ2*01_48_1,8,m42,neg_YFP,m42_neg_YFP_IGHV1-53-01_IGHJ2-01_48_1,/home/hieunguyen/CRC1382/outdir/molmed_server/mixcr_pipeline_output/data_analysis/05_output/CDR3_0.15/m42/neg_YFP_MIDs/m42_neg_YFP_IGHV1-53-01_IGHJ2-01_48_1.aln.fasta
IGHV9-3*01_IGHJ4*01_51_1,8,m42,neg_YFP,m42_neg_YFP_IGHV9-3-01_IGHJ4-01_51_1,/home/hieunguyen/CRC1382/outdir/molmed_server/mixcr_pipeline_output/data_analysis/05_output/CDR3_0.15/m42/neg_YFP_MIDs/m42_neg_YFP_IGHV9-3-01_IGHJ4-01_51_1.aln.fasta
IGHV1-69*01_IGHJ3*01_45_1,9,m42,neg_YFP,m42_neg_YFP_IGHV1-69-01_IGHJ3-01_45_1,/home/hieunguyen/CRC1382/outdir/molmed_server/mixcr_pipeline_output/data_analysis/05_output/CDR3_0.15/m42/neg_YFP_MIDs/m42_neg_YFP_IGHV1-69-01_IGHJ3-01_45_1.aln.fasta
IGHV2-2*01_IGHJ1*03_39_1,9,m42,neg_YFP,m42_neg_YFP_IGHV2-2-01_IGHJ1-03_39_1,/home/hieunguyen/CRC1382/outdir/molmed_server/mixcr_pipeline_output/data_analysis/05_output/CDR3_0.15/m42/neg_YFP_MIDs/m42_neg_YFP_IGHV2-2-01_IGHJ1-03_39_1.aln.fasta
IGHV1-26*01_IGHJ4*01_45_1,9,m42,neg_YFP,m42_neg_YFP_IGHV1-26-01_IGHJ4-01_45_1,/home/hieunguyen/CRC1382/outdir/molmed_server/mixcr_pipeline_output/data_analysis/05_output/CDR3_0.15/m42/neg_YFP_MIDs/m42_neg_YFP_IGHV1-26-01_IGHJ4-01_45_1.aln.fasta
IGHV1-42*01_IGHJ4*01_54_4,9,m42,neg_YFP,m42_neg_YFP_IGHV1-42-01_IGHJ4-01_54_4,/home/hieunguyen/CRC1382/outdir/molmed_server/mixcr_pipeline_output/data_analysis/05_output/CDR3_0.15/m42/neg_YFP_MIDs/m42_neg_YFP_IGHV1-42-01_IGHJ4-01_54_4.aln.fasta
IGHV1-42*01_IGHJ4*01_54_1,9,m42,neg_YFP,m42_neg_YFP_IGHV1-42-01_IGHJ4-01_54_1,/home/hieunguyen/CRC1382/outdir/molmed_server/mixcr_pipeline_output/data_analysis/05_output/CDR3_0.15/m42/neg_YFP_MIDs/m42_neg_YFP_IGHV1-42-01_IGHJ4-01_54_1.aln.fasta
IGHV2-2*01_IGHJ4*01_51_1,9,m42,neg_YFP,m42_neg_YFP_IGHV2-2-01_IGHJ4-01_51_1,/home/hieunguyen/CRC1382/outdir/molmed_server/mixcr_pipeline_output/data_analysis/05_output/CDR3_0.15/m42/neg_YFP_MIDs/m42_neg_YFP_IGHV2-2-01_IGHJ4-01_51_1.aln.fasta
IGHV1-85*01_IGHJ2*01_39_1,9,m42,neg_YFP,m42_neg_YFP_IGHV1-85-01_IGHJ2-01_39_1,/home/hieunguyen/CRC1382/outdir/molmed_server/mixcr_pipeline_output/data_analysis/05_output/CDR3_0.15/m42/neg_YFP_MIDs/m42_neg_YFP_IGHV1-85-01_IGHJ2-01_39_1.aln.fasta
IGHV8-8*01_IGHJ2*01_48_1,9,m42,neg_YFP,m42_neg_YFP_IGHV8-8-01_IGHJ2-01_48_1,/home/hieunguyen/CRC1382/outdir/molmed_server/mixcr_pipeline_output/data_analysis/05_output/CDR3_0.15/m42/neg_YFP_MIDs/m42_neg_YFP_IGHV8-8-01_IGHJ2-01_48_1.aln.fasta
IGHV1-72*01_IGHJ2*01_36_1,9,m42,neg_YFP,m42_neg_YFP_IGHV1-72-01_IGHJ2-01_36_1,/home/hieunguyen/CRC1382/outdir/molmed_server/mixcr_pipeline_output/data_analysis/05_output/CDR3_0.15/m42/neg_YFP_MIDs/m42_neg_YFP_IGHV1-72-01_IGHJ2-01_36_1.aln.fasta
IGHV1-72*01_IGHJ4*01_42_1,9,m42,neg_YFP,m42_neg_YFP_IGHV1-72-01_IGHJ4-01_42_1,/home/hieunguyen/CRC1382/outdir/molmed_server/mixcr_pipeline_output/data_analysis/05_output/CDR3_0.15/m42/neg_YFP_MIDs/m42_neg_YFP_IGHV1-72-01_IGHJ4-01_42_1.aln.fasta
IGHV9-1*01_IGHJ4*01_42_1,9,m42,neg_YFP,m42_neg_YFP_IGHV9-1-01_IGHJ4-01_42_1,/home/hieunguyen/CRC1382/outdir/molmed_server/mixcr_pipeline_output/data_analysis/05_output/CDR3_0.15/m42/neg_YFP_MIDs/m42_neg_YFP_IGHV9-1-01_IGHJ4-01_42_1.aln.fasta
IGHV1-53*01_IGHJ3*01_36_1,9,m42,neg_YFP,m42_neg_YFP_IGHV1-53-01_IGHJ3-01_36_1,/home/hieunguyen/CRC1382/outdir/molmed_server/mixcr_pipeline_output/data_analysis/05_output/CDR3_0.15/m42/neg_YFP_MIDs/m42_neg_YFP_IGHV1-53-01_IGHJ3-01_36_1.aln.fasta
IGHV9-3*01_IGHJ4*01_45_1,10,m42,neg_YFP,m42_neg_YFP_IGHV9-3-01_IGHJ4-01_45_1,/home/hieunguyen/CRC1382/outdir/molmed_server/mixcr_pipeline_output/data_analysis/05_output/CDR3_0.15/m42/neg_YFP_MIDs/m42_neg_YFP_IGHV9-3-01_IGHJ4-01_45_1.aln.fasta
IGHV1-26*01_IGHJ3*01_42_1,10,m42,neg_YFP,m42_neg_YFP_IGHV1-26-01_IGHJ3-01_42_1,/home/hieunguyen/CRC1382/outdir/molmed_server/mixcr_pipeline_output/data_analysis/05_output/CDR3_0.15/m42/neg_YFP_MIDs/m42_neg_YFP_IGHV1-26-01_IGHJ3-01_42_1.aln.fasta
IGHV9-3*01_IGHJ2*01_45_1,10,m42,neg_YFP,m42_neg_YFP_IGHV9-3-01_IGHJ2-01_45_1,/home/hieunguyen/CRC1382/outdir/molmed_server/mixcr_pipeline_output/data_analysis/05_output/CDR3_0.15/m42/neg_YFP_MIDs/m42_neg_YFP_IGHV9-3-01_IGHJ2-01_45_1.aln.fasta
IGHV1-77*01_IGHJ2*01_39_2,10,m42,neg_YFP,m42_neg_YFP_IGHV1-77-01_IGHJ2-01_39_2,/home/hieunguyen/CRC1382/outdir/molmed_server/mixcr_pipeline_output/data_analysis/05_output/CDR3_0.15/m42/neg_YFP_MIDs/m42_neg_YFP_IGHV1-77-01_IGHJ2-01_39_2.aln.fasta
IGHV1-52*01_IGHJ2*01_48_1,10,m42,neg_YFP,m42_neg_YFP_IGHV1-52-01_IGHJ2-01_48_1,/home/hieunguyen/CRC1382/outdir/molmed_server/mixcr_pipeline_output/data_analysis/05_output/CDR3_0.15/m42/neg_YFP_MIDs/m42_neg_YFP_IGHV1-52-01_IGHJ2-01_48_1.aln.fasta
IGHV1-74*01_IGHJ2*01_36_1,10,m42,neg_YFP,m42_neg_YFP_IGHV1-74-01_IGHJ2-01_36_1,/home/hieunguyen/CRC1382/outdir/molmed_server/mixcr_pipeline_output/data_analysis/05_output/CDR3_0.15/m42/neg_YFP_MIDs/m42_neg_YFP_IGHV1-74-01_IGHJ2-01_36_1.aln.fasta
IGHV1-53*01_IGHJ2*01_42_1,10,m42,neg_YFP,m42_neg_YFP_IGHV1-53-01_IGHJ2-01_42_1,/home/hieunguyen/CRC1382/outdir/molmed_server/mixcr_pipeline_output/data_analysis/05_output/CDR3_0.15/m42/neg_YFP_MIDs/m42_neg_YFP_IGHV1-53-01_IGHJ2-01_42_1.aln.fasta
IGHV2-2*01_IGHJ4*01_48_1,10,m42,neg_YFP,m42_neg_YFP_IGHV2-2-01_IGHJ4-01_48_1,/home/hieunguyen/CRC1382/outdir/molmed_server/mixcr_pipeline_output/data_analysis/05_output/CDR3_0.15/m42/neg_YFP_MIDs/m42_neg_YFP_IGHV2-2-01_IGHJ4-01_48_1.aln.fasta
IGHV1-76*01_IGHJ1*03_51_1,10,m42,neg_YFP,m42_neg_YFP_IGHV1-76-01_IGHJ1-03_51_1,/home/hieunguyen/CRC1382/outdir/molmed_server/mixcr_pipeline_output/data_analysis/05_output/CDR3_0.15/m42/neg_YFP_MIDs/m42_neg_YFP_IGHV1-76-01_IGHJ1-03_51_1.aln.fasta
IGHV1-9*01_IGHJ2*01_48_1,10,m42,neg_YFP,m42_neg_YFP_IGHV1-9-01_IGHJ2-01_48_1,/home/hieunguyen/CRC1382/outdir/molmed_server/mixcr_pipeline_output/data_analysis/05_output/CDR3_0.15/m42/neg_YFP_MIDs/m42_neg_YFP_IGHV1-9-01_IGHJ2-01_48_1.aln.fasta
IGHV1-63*01_IGHJ4*01_54_3,10,m42,neg_YFP,m42_neg_YFP_IGHV1-63-01_IGHJ4-01_54_3,/home/hieunguyen/CRC1382/outdir/molmed_server/mixcr_pipeline_output/data_analysis/05_output/CDR3_0.15/m42/neg_YFP_MIDs/m42_neg_YFP_IGHV1-63-01_IGHJ4-01_54_3.aln.fasta
IGHV1-9*01_IGHJ3*01_36_1,10,m42,neg_YFP,m42_neg_YFP_IGHV1-9-01_IGHJ3-01_36_1,/home/hieunguyen/CRC1382/outdir/molmed_server/mixcr_pipeline_output/data_analysis/05_output/CDR3_0.15/m42/neg_YFP_MIDs/m42_neg_YFP_IGHV1-9-01_IGHJ3-01_36_1.aln.fasta
IGHV6-3*01_IGHJ4*01_51_2,10,m42,neg_YFP,m42_neg_YFP_IGHV6-3-01_IGHJ4-01_51_2,/home/hieunguyen/CRC1382/outdir/molmed_server/mixcr_pipeline_output/data_analysis/05_output/CDR3_0.15/m42/neg_YFP_MIDs/m42_neg_YFP_IGHV6-3-01_IGHJ4-01_51_2.aln.fasta
IGHV1-82*01_IGHJ1*03_39_1,10,m42,neg_YFP,m42_neg_YFP_IGHV1-82-01_IGHJ1-03_39_1,/home/hieunguyen/CRC1382/outdir/molmed_server/mixcr_pipeline_output/data_analysis/05_output/CDR3_0.15/m42/neg_YFP_MIDs/m42_neg_YFP_IGHV1-82-01_IGHJ1-03_39_1.aln.fasta
IGHV5-17*01_IGHJ4*01_51_1,10,m42,neg_YFP,m42_neg_YFP_IGHV5-17-01_IGHJ4-01_51_1,/home/hieunguyen/CRC1382/outdir/molmed_server/mixcr_pipeline_output/data_analysis/05_output/CDR3_0.15/m42/neg_YFP_MIDs/m42_neg_YFP_IGHV5-17-01_IGHJ4-01_51_1.aln.fasta
IGHV1-31*01_IGHJ2*01_42_1,11,m42,neg_YFP,m42_neg_YFP_IGHV1-31-01_IGHJ2-01_42_1,/home/hieunguyen/CRC1382/outdir/molmed_server/mixcr_pipeline_output/data_analysis/05_output/CDR3_0.15/m42/neg_YFP_MIDs/m42_neg_YFP_IGHV1-31-01_IGHJ2-01_42_1.aln.fasta
IGHV1-26*01_IGHJ3*01_39_5,11,m42,neg_YFP,m42_neg_YFP_IGHV1-26-01_IGHJ3-01_39_5,/home/hieunguyen/CRC1382/outdir/molmed_server/mixcr_pipeline_output/data_analysis/05_output/CDR3_0.15/m42/neg_YFP_MIDs/m42_neg_YFP_IGHV1-26-01_IGHJ3-01_39_5.aln.fasta
IGHV1-64*01_IGHJ3*01_45_1,11,m42,neg_YFP,m42_neg_YFP_IGHV1-64-01_IGHJ3-01_45_1,/home/hieunguyen/CRC1382/outdir/molmed_server/mixcr_pipeline_output/data_analysis/05_output/CDR3_0.15/m42/neg_YFP_MIDs/m42_neg_YFP_IGHV1-64-01_IGHJ3-01_45_1.aln.fasta
IGHV5-21*01_IGHJ3*01_37_1,11,m42,neg_YFP,m42_neg_YFP_IGHV5-21-01_IGHJ3-01_37_1,/home/hieunguyen/CRC1382/outdir/molmed_server/mixcr_pipeline_output/data_analysis/05_output/CDR3_0.15/m42/neg_YFP_MIDs/m42_neg_YFP_IGHV5-21-01_IGHJ3-01_37_1.aln.fasta
IGHV1-80*01_IGHJ3*01_54_1,11,m42,neg_YFP,m42_neg_YFP_IGHV1-80-01_IGHJ3-01_54_1,/home/hieunguyen/CRC1382/outdir/molmed_server/mixcr_pipeline_output/data_analysis/05_output/CDR3_0.15/m42/neg_YFP_MIDs/m42_neg_YFP_IGHV1-80-01_IGHJ3-01_54_1.aln.fasta
IGHV1-80*01_IGHJ3*01_48_1,11,m42,neg_YFP,m42_neg_YFP_IGHV1-80-01_IGHJ3-01_48_1,/home/hieunguyen/CRC1382/outdir/molmed_server/mixcr_pipeline_output/data_analysis/05_output/CDR3_0.15/m42/neg_YFP_MIDs/m42_neg_YFP_IGHV1-80-01_IGHJ3-01_48_1.aln.fasta
IGHV1-82*01_IGHJ4*01_54_1,11,m42,neg_YFP,m42_neg_YFP_IGHV1-82-01_IGHJ4-01_54_1,/home/hieunguyen/CRC1382/outdir/molmed_server/mixcr_pipeline_output/data_analysis/05_output/CDR3_0.15/m42/neg_YFP_MIDs/m42_neg_YFP_IGHV1-82-01_IGHJ4-01_54_1.aln.fasta
IGHV1-18*01_IGHJ4*01_51_1,11,m42,neg_YFP,m42_neg_YFP_IGHV1-18-01_IGHJ4-01_51_1,/home/hieunguyen/CRC1382/outdir/molmed_server/mixcr_pipeline_output/data_analysis/05_output/CDR3_0.15/m42/neg_YFP_MIDs/m42_neg_YFP_IGHV1-18-01_IGHJ4-01_51_1.aln.fasta
IGHV1-75*01_IGHJ3*01_48_1,12,m42,neg_YFP,m42_neg_YFP_IGHV1-75-01_IGHJ3-01_48_1,/home/hieunguyen/CRC1382/outdir/molmed_server/mixcr_pipeline_output/data_analysis/05_output/CDR3_0.15/m42/neg_YFP_MIDs/m42_neg_YFP_IGHV1-75-01_IGHJ3-01_48_1.aln.fasta
IGHV1-75*01_IGHJ3*01_48_2,12,m42,neg_YFP,m42_neg_YFP_IGHV1-75-01_IGHJ3-01_48_2,/home/hieunguyen/CRC1382/outdir/molmed_server/mixcr_pipeline_output/data_analysis/05_output/CDR3_0.15/m42/neg_YFP_MIDs/m42_neg_YFP_IGHV1-75-01_IGHJ3-01_48_2.aln.fasta
IGHV1-9*01_IGHJ1*01_36_1,12,m42,neg_YFP,m42_neg_YFP_IGHV1-9-01_IGHJ1-01_36_1,/home/hieunguyen/CRC1382/outdir/molmed_server/mixcr_pipeline_output/data_analysis/05_output/CDR3_0.15/m42/neg_YFP_MIDs/m42_neg_YFP_IGHV1-9-01_IGHJ1-01_36_1.aln.fasta
IGHV1-22*01_IGHJ3*01_39_1,12,m42,neg_YFP,m42_neg_YFP_IGHV1-22-01_IGHJ3-01_39_1,/home/hieunguyen/CRC1382/outdir/molmed_server/mixcr_pipeline_output/data_analysis/05_output/CDR3_0.15/m42/neg_YFP_MIDs/m42_neg_YFP_IGHV1-22-01_IGHJ3-01_39_1.aln.fasta
IGHV2-9*01_IGHJ4*01_51_1,12,m42,neg_YFP,m42_neg_YFP_IGHV2-9-01_IGHJ4-01_51_1,/home/hieunguyen/CRC1382/outdir/molmed_server/mixcr_pipeline_output/data_analysis/05_output/CDR3_0.15/m42/neg_YFP_MIDs/m42_neg_YFP_IGHV2-9-01_IGHJ4-01_51_1.aln.fasta
IGHV8-8*01_IGHJ1*03_42_2,12,m42,neg_YFP,m42_neg_YFP_IGHV8-8-01_IGHJ1-03_42_2,/home/hieunguyen/CRC1382/outdir/molmed_server/mixcr_pipeline_output/data_analysis/05_output/CDR3_0.15/m42/neg_YFP_MIDs/m42_neg_YFP_IGHV8-8-01_IGHJ1-03_42_2.aln.fasta
IGHV1-26*01_IGHJ2*01_39_1,12,m42,neg_YFP,m42_neg_YFP_IGHV1-26-01_IGHJ2-01_39_1,/home/hieunguyen/CRC1382/outdir/molmed_server/mixcr_pipeline_output/data_analysis/05_output/CDR3_0.15/m42/neg_YFP_MIDs/m42_neg_YFP_IGHV1-26-01_IGHJ2-01_39_1.aln.fasta
IGHV1-53*01_IGHJ2*01_33_1,12,m42,neg_YFP,m42_neg_YFP_IGHV1-53-01_IGHJ2-01_33_1,/home/hieunguyen/CRC1382/outdir/molmed_server/mixcr_pipeline_output/data_analysis/05_output/CDR3_0.15/m42/neg_YFP_MIDs/m42_neg_YFP_IGHV1-53-01_IGHJ2-01_33_1.aln.fasta
IGHV1-81*01_IGHJ1*03_48_1,13,m42,neg_YFP,m42_neg_YFP_IGHV1-81-01_IGHJ1-03_48_1,/home/hieunguyen/CRC1382/outdir/molmed_server/mixcr_pipeline_output/data_analysis/05_output/CDR3_0.15/m42/neg_YFP_MIDs/m42_neg_YFP_IGHV1-81-01_IGHJ1-03_48_1.aln.fasta
IGHV1-9*01_IGHJ1*03_36_1,13,m42,neg_YFP,m42_neg_YFP_IGHV1-9-01_IGHJ1-03_36_1,/home/hieunguyen/CRC1382/outdir/molmed_server/mixcr_pipeline_output/data_analysis/05_output/CDR3_0.15/m42/neg_YFP_MIDs/m42_neg_YFP_IGHV1-9-01_IGHJ1-03_36_1.aln.fasta
IGHV1-69*01_IGHJ3*01_48_1,13,m42,neg_YFP,m42_neg_YFP_IGHV1-69-01_IGHJ3-01_48_1,/home/hieunguyen/CRC1382/outdir/molmed_server/mixcr_pipeline_output/data_analysis/05_output/CDR3_0.15/m42/neg_YFP_MIDs/m42_neg_YFP_IGHV1-69-01_IGHJ3-01_48_1.aln.fasta
IGHV1-81*01_IGHJ2*01_42_1,13,m42,neg_YFP,m42_neg_YFP_IGHV1-81-01_IGHJ2-01_42_1,/home/hieunguyen/CRC1382/outdir/molmed_server/mixcr_pipeline_output/data_analysis/05_output/CDR3_0.15/m42/neg_YFP_MIDs/m42_neg_YFP_IGHV1-81-01_IGHJ2-01_42_1.aln.fasta
IGHV1-39*01_IGHJ4*01_39_4,13,m42,neg_YFP,m42_neg_YFP_IGHV1-39-01_IGHJ4-01_39_4,/home/hieunguyen/CRC1382/outdir/molmed_server/mixcr_pipeline_output/data_analysis/05_output/CDR3_0.15/m42/neg_YFP_MIDs/m42_neg_YFP_IGHV1-39-01_IGHJ4-01_39_4.aln.fasta
IGHV1-64*01_IGHJ1*03_54_1,13,m42,neg_YFP,m42_neg_YFP_IGHV1-64-01_IGHJ1-03_54_1,/home/hieunguyen/CRC1382/outdir/molmed_server/mixcr_pipeline_output/data_analysis/05_output/CDR3_0.15/m42/neg_YFP_MIDs/m42_neg_YFP_IGHV1-64-01_IGHJ1-03_54_1.aln.fasta
IGHV9-4*01_IGHJ4*01_45_1,13,m42,neg_YFP,m42_neg_YFP_IGHV9-4-01_IGHJ4-01_45_1,/home/hieunguyen/CRC1382/outdir/molmed_server/mixcr_pipeline_output/data_analysis/05_output/CDR3_0.15/m42/neg_YFP_MIDs/m42_neg_YFP_IGHV9-4-01_IGHJ4-01_45_1.aln.fasta
IGHV5-12*01_IGHJ1*03_54_1,13,m42,neg_YFP,m42_neg_YFP_IGHV5-12-01_IGHJ1-03_54_1,/home/hieunguyen/CRC1382/outdir/molmed_server/mixcr_pipeline_output/data_analysis/05_output/CDR3_0.15/m42/neg_YFP_MIDs/m42_neg_YFP_IGHV5-12-01_IGHJ1-03_54_1.aln.fasta
IGHV1-59*01_IGHJ1*03_45_1,14,m42,neg_YFP,m42_neg_YFP_IGHV1-59-01_IGHJ1-03_45_1,/home/hieunguyen/CRC1382/outdir/molmed_server/mixcr_pipeline_output/data_analysis/05_output/CDR3_0.15/m42/neg_YFP_MIDs/m42_neg_YFP_IGHV1-59-01_IGHJ1-03_45_1.aln.fasta
IGHV1-72*01_IGHJ3*01_42_1,14,m42,neg_YFP,m42_neg_YFP_IGHV1-72-01_IGHJ3-01_42_1,/home/hieunguyen/CRC1382/outdir/molmed_server/mixcr_pipeline_output/data_analysis/05_output/CDR3_0.15/m42/neg_YFP_MIDs/m42_neg_YFP_IGHV1-72-01_IGHJ3-01_42_1.aln.fasta
IGHV1-78*01_IGHJ4*01_39_2,14,m42,neg_YFP,m42_neg_YFP_IGHV1-78-01_IGHJ4-01_39_2,/home/hieunguyen/CRC1382/outdir/molmed_server/mixcr_pipeline_output/data_analysis/05_output/CDR3_0.15/m42/neg_YFP_MIDs/m42_neg_YFP_IGHV1-78-01_IGHJ4-01_39_2.aln.fasta
IGHV1-5*01_IGHJ2*01_39_2,15,m42,neg_YFP,m42_neg_YFP_IGHV1-5-01_IGHJ2-01_39_2,/home/hieunguyen/CRC1382/outdir/molmed_server/mixcr_pipeline_output/data_analysis/05_output/CDR3_0.15/m42/neg_YFP_MIDs/m42_neg_YFP_IGHV1-5-01_IGHJ2-01_39_2.aln.fasta
IGHV1-52*01_IGHJ4*01_18_1,15,m42,neg_YFP,m42_neg_YFP_IGHV1-52-01_IGHJ4-01_18_1,/home/hieunguyen/CRC1382/outdir/molmed_server/mixcr_pipeline_output/data_analysis/05_output/CDR3_0.15/m42/neg_YFP_MIDs/m42_neg_YFP_IGHV1-52-01_IGHJ4-01_18_1.aln.fasta
IGHV1-15*01_IGHJ3*01_45_1,15,m42,neg_YFP,m42_neg_YFP_IGHV1-15-01_IGHJ3-01_45_1,/home/hieunguyen/CRC1382/outdir/molmed_server/mixcr_pipeline_output/data_analysis/05_output/CDR3_0.15/m42/neg_YFP_MIDs/m42_neg_YFP_IGHV1-15-01_IGHJ3-01_45_1.aln.fasta
IGHV1-26*01_IGHJ3*01_39_2,15,m42,neg_YFP,m42_neg_YFP_IGHV1-26-01_IGHJ3-01_39_2,/home/hieunguyen/CRC1382/outdir/molmed_server/mixcr_pipeline_output/data_analysis/05_output/CDR3_0.15/m42/neg_YFP_MIDs/m42_neg_YFP_IGHV1-26-01_IGHJ3-01_39_2.aln.fasta
IGHV1-18*01_IGHJ2*01_27_1,15,m42,neg_YFP,m42_neg_YFP_IGHV1-18-01_IGHJ2-01_27_1,/home/hieunguyen/CRC1382/outdir/molmed_server/mixcr_pipeline_output/data_analysis/05_output/CDR3_0.15/m42/neg_YFP_MIDs/m42_neg_YFP_IGHV1-18-01_IGHJ2-01_27_1.aln.fasta
IGHV1-55*01_IGHJ4*01_42_1,16,m42,neg_YFP,m42_neg_YFP_IGHV1-55-01_IGHJ4-01_42_1,/home/hieunguyen/CRC1382/outdir/molmed_server/mixcr_pipeline_output/data_analysis/05_output/CDR3_0.15/m42/neg_YFP_MIDs/m42_neg_YFP_IGHV1-55-01_IGHJ4-01_42_1.aln.fasta
IGHV1-75*01_IGHJ3*01_39_1,16,m42,neg_YFP,m42_neg_YFP_IGHV1-75-01_IGHJ3-01_39_1,/home/hieunguyen/CRC1382/outdir/molmed_server/mixcr_pipeline_output/data_analysis/05_output/CDR3_0.15/m42/neg_YFP_MIDs/m42_neg_YFP_IGHV1-75-01_IGHJ3-01_39_1.aln.fasta
IGHV3-6*01_IGHJ2*01_24_1,17,m42,neg_YFP,m42_neg_YFP_IGHV3-6-01_IGHJ2-01_24_1,/home/hieunguyen/CRC1382/outdir/molmed_server/mixcr_pipeline_output/data_analysis/05_output/CDR3_0.15/m42/neg_YFP_MIDs/m42_neg_YFP_IGHV3-6-01_IGHJ2-01_24_1.aln.fasta
IGHV3-1*01_IGHJ2*01_51_1,17,m42,neg_YFP,m42_neg_YFP_IGHV3-1-01_IGHJ2-01_51_1,/home/hieunguyen/CRC1382/outdir/molmed_server/mixcr_pipeline_output/data_analysis/05_output/CDR3_0.15/m42/neg_YFP_MIDs/m42_neg_YFP_IGHV3-1-01_IGHJ2-01_51_1.aln.fasta
IGHV1-64*01_IGHJ1*01_39_1,17,m42,neg_YFP,m42_neg_YFP_IGHV1-64-01_IGHJ1-01_39_1,/home/hieunguyen/CRC1382/outdir/molmed_server/mixcr_pipeline_output/data_analysis/05_output/CDR3_0.15/m42/neg_YFP_MIDs/m42_neg_YFP_IGHV1-64-01_IGHJ1-01_39_1.aln.fasta
IGHV1-52*01_IGHJ4*01_60_2,18,m42,neg_YFP,m42_neg_YFP_IGHV1-52-01_IGHJ4-01_60_2,/home/hieunguyen/CRC1382/outdir/molmed_server/mixcr_pipeline_output/data_analysis/05_output/CDR3_0.15/m42/neg_YFP_MIDs/m42_neg_YFP_IGHV1-52-01_IGHJ4-01_60_2.aln.fasta
IGHV1-61*01_IGHJ4*01_60_1,18,m42,neg_YFP,m42_neg_YFP_IGHV1-61-01_IGHJ4-01_60_1,/home/hieunguyen/CRC1382/outdir/molmed_server/mixcr_pipeline_output/data_analysis/05_output/CDR3_0.15/m42/neg_YFP_MIDs/m42_neg_YFP_IGHV1-61-01_IGHJ4-01_60_1.aln.fasta
IGHV1-54*01_IGHJ2*01_45_1,18,m42,neg_YFP,m42_neg_YFP_IGHV1-54-01_IGHJ2-01_45_1,/home/hieunguyen/CRC1382/outdir/molmed_server/mixcr_pipeline_output/data_analysis/05_output/CDR3_0.15/m42/neg_YFP_MIDs/m42_neg_YFP_IGHV1-54-01_IGHJ2-01_45_1.aln.fasta
IGHV1-4*01_IGHJ4*01_45_1,18,m42,neg_YFP,m42_neg_YFP_IGHV1-4-01_IGHJ4-01_45_1,/home/hieunguyen/CRC1382/outdir/molmed_server/mixcr_pipeline_output/data_analysis/05_output/CDR3_0.15/m42/neg_YFP_MIDs/m42_neg_YFP_IGHV1-4-01_IGHJ4-01_45_1.aln.fasta
IGHV3-1*01_IGHJ2*01_51_2,19,m42,neg_YFP,m42_neg_YFP_IGHV3-1-01_IGHJ2-01_51_2,/home/hieunguyen/CRC1382/outdir/molmed_server/mixcr_pipeline_output/data_analysis/05_output/CDR3_0.15/m42/neg_YFP_MIDs/m42_neg_YFP_IGHV3-1-01_IGHJ2-01_51_2.aln.fasta
IGHV9-3*01_IGHJ3*01_39_1,19,m42,neg_YFP,m42_neg_YFP_IGHV9-3-01_IGHJ3-01_39_1,/home/hieunguyen/CRC1382/outdir/molmed_server/mixcr_pipeline_output/data_analysis/05_output/CDR3_0.15/m42/neg_YFP_MIDs/m42_neg_YFP_IGHV9-3-01_IGHJ3-01_39_1.aln.fasta
IGHV2-2*01_IGHJ4*01_51_2,21,m42,neg_YFP,m42_neg_YFP_IGHV2-2-01_IGHJ4-01_51_2,/home/hieunguyen/CRC1382/outdir/molmed_server/mixcr_pipeline_output/data_analysis/05_output/CDR3_0.15/m42/neg_YFP_MIDs/m42_neg_YFP_IGHV2-2-01_IGHJ4-01_51_2.aln.fasta
IGHV1-85*01_IGHJ1*03_51_1,21,m42,neg_YFP,m42_neg_YFP_IGHV1-85-01_IGHJ1-03_51_1,/home/hieunguyen/CRC1382/outdir/molmed_server/mixcr_pipeline_output/data_analysis/05_output/CDR3_0.15/m42/neg_YFP_MIDs/m42_neg_YFP_IGHV1-85-01_IGHJ1-03_51_1.aln.fasta
IGHV6-3*01_IGHJ4*01_51_1,22,m42,neg_YFP,m42_neg_YFP_IGHV6-3-01_IGHJ4-01_51_1,/home/hieunguyen/CRC1382/outdir/molmed_server/mixcr_pipeline_output/data_analysis/05_output/CDR3_0.15/m42/neg_YFP_MIDs/m42_neg_YFP_IGHV6-3-01_IGHJ4-01_51_1.aln.fasta
IGHV1-64*01_IGHJ2*01_39_1,22,m42,neg_YFP,m42_neg_YFP_IGHV1-64-01_IGHJ2-01_39_1,/home/hieunguyen/CRC1382/outdir/molmed_server/mixcr_pipeline_output/data_analysis/05_output/CDR3_0.15/m42/neg_YFP_MIDs/m42_neg_YFP_IGHV1-64-01_IGHJ2-01_39_1.aln.fasta
IGHV1-64*01_IGHJ1*03_45_1,22,m42,neg_YFP,m42_neg_YFP_IGHV1-64-01_IGHJ1-03_45_1,/home/hieunguyen/CRC1382/outdir/molmed_server/mixcr_pipeline_output/data_analysis/05_output/CDR3_0.15/m42/neg_YFP_MIDs/m42_neg_YFP_IGHV1-64-01_IGHJ1-03_45_1.aln.fasta
IGHV1-36*01_IGHJ2*01_51_1,23,m42,neg_YFP,m42_neg_YFP_IGHV1-36-01_IGHJ2-01_51_1,/home/hieunguyen/CRC1382/outdir/molmed_server/mixcr_pipeline_output/data_analysis/05_output/CDR3_0.15/m42/neg_YFP_MIDs/m42_neg_YFP_IGHV1-36-01_IGHJ2-01_51_1.aln.fasta
IGHV1-26*01_IGHJ4*01_42_2,23,m42,neg_YFP,m42_neg_YFP_IGHV1-26-01_IGHJ4-01_42_2,/home/hieunguyen/CRC1382/outdir/molmed_server/mixcr_pipeline_output/data_analysis/05_output/CDR3_0.15/m42/neg_YFP_MIDs/m42_neg_YFP_IGHV1-26-01_IGHJ4-01_42_2.aln.fasta
IGHV1-52*01_IGHJ4*01_60_4,24,m42,neg_YFP,m42_neg_YFP_IGHV1-52-01_IGHJ4-01_60_4,/home/hieunguyen/CRC1382/outdir/molmed_server/mixcr_pipeline_output/data_analysis/05_output/CDR3_0.15/m42/neg_YFP_MIDs/m42_neg_YFP_IGHV1-52-01_IGHJ4-01_60_4.aln.fasta
IGHV1-72*01_IGHJ3*01_42_2,24,m42,neg_YFP,m42_neg_YFP_IGHV1-72-01_IGHJ3-01_42_2,/home/hieunguyen/CRC1382/outdir/molmed_server/mixcr_pipeline_output/data_analysis/05_output/CDR3_0.15/m42/neg_YFP_MIDs/m42_neg_YFP_IGHV1-72-01_IGHJ3-01_42_2.aln.fasta
IGHV1-26*01_IGHJ3*01_39_1,24,m42,neg_YFP,m42_neg_YFP_IGHV1-26-01_IGHJ3-01_39_1,/home/hieunguyen/CRC1382/outdir/molmed_server/mixcr_pipeline_output/data_analysis/05_output/CDR3_0.15/m42/neg_YFP_MIDs/m42_neg_YFP_IGHV1-26-01_IGHJ3-01_39_1.aln.fasta
IGHV1-74*01_IGHJ1*03_42_2,25,m42,neg_YFP,m42_neg_YFP_IGHV1-74-01_IGHJ1-03_42_2,/home/hieunguyen/CRC1382/outdir/molmed_server/mixcr_pipeline_output/data_analysis/05_output/CDR3_0.15/m42/neg_YFP_MIDs/m42_neg_YFP_IGHV1-74-01_IGHJ1-03_42_2.aln.fasta
IGHV3-8*01_IGHJ3*01_33_1,26,m42,neg_YFP,m42_neg_YFP_IGHV3-8-01_IGHJ3-01_33_1,/home/hieunguyen/CRC1382/outdir/molmed_server/mixcr_pipeline_output/data_analysis/05_output/CDR3_0.15/m42/neg_YFP_MIDs/m42_neg_YFP_IGHV3-8-01_IGHJ3-01_33_1.aln.fasta
IGHV1-78*01_IGHJ4*01_39_1,26,m42,neg_YFP,m42_neg_YFP_IGHV1-78-01_IGHJ4-01_39_1,/home/hieunguyen/CRC1382/outdir/molmed_server/mixcr_pipeline_output/data_analysis/05_output/CDR3_0.15/m42/neg_YFP_MIDs/m42_neg_YFP_IGHV1-78-01_IGHJ4-01_39_1.aln.fasta
IGHV1-36*01_IGHJ2*01_51_2,26,m42,neg_YFP,m42_neg_YFP_IGHV1-36-01_IGHJ2-01_51_2,/home/hieunguyen/CRC1382/outdir/molmed_server/mixcr_pipeline_output/data_analysis/05_output/CDR3_0.15/m42/neg_YFP_MIDs/m42_neg_YFP_IGHV1-36-01_IGHJ2-01_51_2.aln.fasta
IGHV2-2*01_IGHJ3*01_21_1,28,m42,neg_YFP,m42_neg_YFP_IGHV2-2-01_IGHJ3-01_21_1,/home/hieunguyen/CRC1382/outdir/molmed_server/mixcr_pipeline_output/data_analysis/05_output/CDR3_0.15/m42/neg_YFP_MIDs/m42_neg_YFP_IGHV2-2-01_IGHJ3-01_21_1.aln.fasta
IGHV1-61*01_IGHJ3*01_45_1,28,m42,neg_YFP,m42_neg_YFP_IGHV1-61-01_IGHJ3-01_45_1,/home/hieunguyen/CRC1382/outdir/molmed_server/mixcr_pipeline_output/data_analysis/05_output/CDR3_0.15/m42/neg_YFP_MIDs/m42_neg_YFP_IGHV1-61-01_IGHJ3-01_45_1.aln.fasta
IGHV1-63*01_IGHJ4*01_54_2,28,m42,neg_YFP,m42_neg_YFP_IGHV1-63-01_IGHJ4-01_54_2,/home/hieunguyen/CRC1382/outdir/molmed_server/mixcr_pipeline_output/data_analysis/05_output/CDR3_0.15/m42/neg_YFP_MIDs/m42_neg_YFP_IGHV1-63-01_IGHJ4-01_54_2.aln.fasta
IGHV1-72*01_IGHJ3*01_39_1,28,m42,neg_YFP,m42_neg_YFP_IGHV1-72-01_IGHJ3-01_39_1,/home/hieunguyen/CRC1382/outdir/molmed_server/mixcr_pipeline_output/data_analysis/05_output/CDR3_0.15/m42/neg_YFP_MIDs/m42_neg_YFP_IGHV1-72-01_IGHJ3-01_39_1.aln.fasta
IGHV1-5*01_IGHJ2*01_39_1,30,m42,neg_YFP,m42_neg_YFP_IGHV1-5-01_IGHJ2-01_39_1,/home/hieunguyen/CRC1382/outdir/molmed_server/mixcr_pipeline_output/data_analysis/05_output/CDR3_0.15/m42/neg_YFP_MIDs/m42_neg_YFP_IGHV1-5-01_IGHJ2-01_39_1.aln.fasta
IGHV1-52*01_IGHJ4*01_60_5,31,m42,neg_YFP,m42_neg_YFP_IGHV1-52-01_IGHJ4-01_60_5,/home/hieunguyen/CRC1382/outdir/molmed_server/mixcr_pipeline_output/data_analysis/05_output/CDR3_0.15/m42/neg_YFP_MIDs/m42_neg_YFP_IGHV1-52-01_IGHJ4-01_60_5.aln.fasta
IGHV1-39*01_IGHJ4*01_45_1,33,m42,neg_YFP,m42_neg_YFP_IGHV1-39-01_IGHJ4-01_45_1,/home/hieunguyen/CRC1382/outdir/molmed_server/mixcr_pipeline_output/data_analysis/05_output/CDR3_0.15/m42/neg_YFP_MIDs/m42_neg_YFP_IGHV1-39-01_IGHJ4-01_45_1.aln.fasta
IGHV1-77*01_IGHJ2*01_39_1,33,m42,neg_YFP,m42_neg_YFP_IGHV1-77-01_IGHJ2-01_39_1,/home/hieunguyen/CRC1382/outdir/molmed_server/mixcr_pipeline_output/data_analysis/05_output/CDR3_0.15/m42/neg_YFP_MIDs/m42_neg_YFP_IGHV1-77-01_IGHJ2-01_39_1.aln.fasta
IGHV1-39*01_IGHJ4*01_45_2,38,m42,neg_YFP,m42_neg_YFP_IGHV1-39-01_IGHJ4-01_45_2,/home/hieunguyen/CRC1382/outdir/molmed_server/mixcr_pipeline_output/data_analysis/05_output/CDR3_0.15/m42/neg_YFP_MIDs/m42_neg_YFP_IGHV1-39-01_IGHJ4-01_45_2.aln.fasta
IGHV1-18*01_IGHJ2*01_42_1,38,m42,neg_YFP,m42_neg_YFP_IGHV1-18-01_IGHJ2-01_42_1,/home/hieunguyen/CRC1382/outdir/molmed_server/mixcr_pipeline_output/data_analysis/05_output/CDR3_0.15/m42/neg_YFP_MIDs/m42_neg_YFP_IGHV1-18-01_IGHJ2-01_42_1.aln.fasta
IGHV1-62_IGHJ2*01_33_1,44,m42,neg_YFP,m42_neg_YFP_IGHV1-62_IGHJ2-01_33_1,/home/hieunguyen/CRC1382/outdir/molmed_server/mixcr_pipeline_output/data_analysis/05_output/CDR3_0.15/m42/neg_YFP_MIDs/m42_neg_YFP_IGHV1-62_IGHJ2-01_33_1.aln.fasta
IGHV1-63*01_IGHJ4*01_54_1,45,m42,neg_YFP,m42_neg_YFP_IGHV1-63-01_IGHJ4-01_54_1,/home/hieunguyen/CRC1382/outdir/molmed_server/mixcr_pipeline_output/data_analysis/05_output/CDR3_0.15/m42/neg_YFP_MIDs/m42_neg_YFP_IGHV1-63-01_IGHJ4-01_54_1.aln.fasta
IGHV1-52*01_IGHJ4*01_60_6,46,m42,neg_YFP,m42_neg_YFP_IGHV1-52-01_IGHJ4-01_60_6,/home/hieunguyen/CRC1382/outdir/molmed_server/mixcr_pipeline_output/data_analysis/05_output/CDR3_0.15/m42/neg_YFP_MIDs/m42_neg_YFP_IGHV1-52-01_IGHJ4-01_60_6.aln.fasta
IGHV1-19*01_IGHJ3*01_36_1,47,m42,neg_YFP,m42_neg_YFP_IGHV1-19-01_IGHJ3-01_36_1,/home/hieunguyen/CRC1382/outdir/molmed_server/mixcr_pipeline_output/data_analysis/05_output/CDR3_0.15/m42/neg_YFP_MIDs/m42_neg_YFP_IGHV1-19-01_IGHJ3-01_36_1.aln.fasta
IGHV1-26*01_IGHJ4*01_42_1,48,m42,neg_YFP,m42_neg_YFP_IGHV1-26-01_IGHJ4-01_42_1,/home/hieunguyen/CRC1382/outdir/molmed_server/mixcr_pipeline_output/data_analysis/05_output/CDR3_0.15/m42/neg_YFP_MIDs/m42_neg_YFP_IGHV1-26-01_IGHJ4-01_42_1.aln.fasta
IGHV1-39*01_IGHJ4*01_39_2,55,m42,neg_YFP,m42_neg_YFP_IGHV1-39-01_IGHJ4-01_39_2,/home/hieunguyen/CRC1382/outdir/molmed_server/mixcr_pipeline_output/data_analysis/05_output/CDR3_0.15/m42/neg_YFP_MIDs/m42_neg_YFP_IGHV1-39-01_IGHJ4-01_39_2.aln.fasta
IGHV1-39*01_IGHJ4*01_39_1,63,m42,neg_YFP,m42_neg_YFP_IGHV1-39-01_IGHJ4-01_39_1,/home/hieunguyen/CRC1382/outdir/molmed_server/mixcr_pipeline_output/data_analysis/05_output/CDR3_0.15/m42/neg_YFP_MIDs/m42_neg_YFP_IGHV1-39-01_IGHJ4-01_39_1.aln.fasta
IGHV1-42*01_IGHJ2*01_30_1,64,m42,neg_YFP,m42_neg_YFP_IGHV1-42-01_IGHJ2-01_30_1,/home/hieunguyen/CRC1382/outdir/molmed_server/mixcr_pipeline_output/data_analysis/05_output/CDR3_0.15/m42/neg_YFP_MIDs/m42_neg_YFP_IGHV1-42-01_IGHJ2-01_30_1.aln.fasta
IGHV14-3*01_IGHJ2*01_30_1,77,m42,neg_YFP,m42_neg_YFP_IGHV14-3-01_IGHJ2-01_30_1,/home/hieunguyen/CRC1382/outdir/molmed_server/mixcr_pipeline_output/data_analysis/05_output/CDR3_0.15/m42/neg_YFP_MIDs/m42_neg_YFP_IGHV14-3-01_IGHJ2-01_30_1.aln.fasta
IGHV14-3*01_IGHJ2*01_30_2,87,m42,neg_YFP,m42_neg_YFP_IGHV14-3-01_IGHJ2-01_30_2,/home/hieunguyen/CRC1382/outdir/molmed_server/mixcr_pipeline_output/data_analysis/05_output/CDR3_0.15/m42/neg_YFP_MIDs/m42_neg_YFP_IGHV14-3-01_IGHJ2-01_30_2.aln.fasta
IGHV1-52*01_IGHJ4*01_60_3,120,m42,neg_YFP,m42_neg_YFP_IGHV1-52-01_IGHJ4-01_60_3,/home/hieunguyen/CRC1382/outdir/molmed_server/mixcr_pipeline_output/data_analysis/05_output/CDR3_0.15/m42/neg_YFP_MIDs/m42_neg_YFP_IGHV1-52-01_IGHJ4-01_60_3.aln.fasta
IGHV1-39*01_IGHJ4*01_39_3,120,m42,neg_YFP,m42_neg_YFP_IGHV1-39-01_IGHJ4-01_39_3,/home/hieunguyen/CRC1382/outdir/molmed_server/mixcr_pipeline_output/data_analysis/05_output/CDR3_0.15/m42/neg_YFP_MIDs/m42_neg_YFP_IGHV1-39-01_IGHJ4-01_39_3.aln.fasta
IGHV1-52*01_IGHJ4*01_60_1,175,m42,neg_YFP,m42_neg_YFP_IGHV1-52-01_IGHJ4-01_60_1,/home/hieunguyen/CRC1382/outdir/molmed_server/mixcr_pipeline_output/data_analysis/05_output/CDR3_0.15/m42/neg_YFP_MIDs/m42_neg_YFP_IGHV1-52-01_IGHJ4-01_60_1.aln.fasta
